298,538,499,522,835,500,295
298,538,499,522,835,500,295
298,538,499,522,957,540,295
298,540,499,526,957,540,295
298,540,499,526,957,540,540
298,540,499,526,957,540,540
298,540,499,526,957,540,540
298,540,499,526,957,540,540
496,540,499,526,957,540,540
496,540,499,526,957,540,540
496,540,499,526,957,540,540
496,650,499,526,627,647,540
496,650,499,526,627,647,540
496,650,499,646,627,647,540
496,650,499,646,627,647,498
496,650,499,646,627,647,498
496,650,499,646,627,647,498
496,650,499,646,627,647,498
496,650,499,646,627,647,498
496,650,499,646,587,568,498
496,650,499,735,587,568,498
496,561,567,735,587,568,498
496,561,567,735,587,568,498
584,561,567,735,587,568,498
584,561,567,735,587,568,498
584,561,567,735,587,568,498
584,561,589,735,587,568,498
584,561,589,735,595,568,498
584,561,589,577,595,576,498
584,561,589,577,595,576,498
584,561,589,577,595,576,498
584,561,589,577,595,576,524
584,561,589,577,595,576,524
584,561,589,577,586,576,524
584,561,589,577,586,576,524
584,561,589,577,586,576,524
584,561,589,577,586,576,524
584,561,589,577,586,576,524
584,561,589,577,586,576,524
584,561,589,577,586,576,524
584,561,589,577,586,576,524
584,561,589,538,586,576,524
584,561,589,538,586,576,524
584,561,589,538,586,576,524
584,561,645,538,586,576,524
584,561,645,538,586,576,524
584,561,645,538,586,576,524
584,561,645,538,586,576,524
584,561,645,538,586,576,524
584,561,645,538,586,576,524
584,561,645,538,586,576,524
584,561,645,538,586,576,524
656,561,645,538,586,576,524
656,561,576,538,586,576,524
656,561,576,538,586,576,524
656,561,576,538,586,576,524
656,561,576,538,586,576,524
575,561,576,538,586,576,524
575,561,576,538,586,576,524
575,561,576,538,586,576,524
575,561,576,538,586,576,524
575,561,576,538,586,576,524
575,561,576,538,586,576,524
575,561,576,538,586,576,524
575,561,576,538,586,576,524
575,561,576,538,586,576,524
575,561,576,538,586,576,524
575,561,576,538,586,576,524
575,561,576,538,586,576,524
575,561,576,538,586,576,524
575,561,576,538,586,576,524
575,561,576,576,586,576,524
591,561,576,576,586,576,524
591,561,576,576,586,576,524
591,561,576,576,586,576,524
591,561,576,576,586,576,524
591,561,576,576,586,576,524
591,561,576,576,586,576,524
591,561,576,559,586,576,524
626,561,576,559,586,576,524
626,561,576,559,676,576,524
626,561,576,559,676,576,524
626,561,576,559,676,638,524
626,561,576,559,676,638,524
626,561,576,559,676,638,524
626,561,576,559,676,638,514
626,561,576,559,676,638,514
626,561,576,559,676,638,514
626,561,576,559,676,638,514
626,561,576,559,676,638,514
626,561,576,559,676,638,514
626,561,576,559,676,638,498
626,561,576,559,676,638,498
626,561,576,559,676,638,498
626,561,576,559,676,638,498
626,561,576,559,665,638,498
626,561,576,559,665,638,498
626,561,576,559,665,638,498
626,561,576,559,665,638,498
626,561,576,559,665,638,498
626,561,576,604,665,638,498
626,561,576,604,665,574,498
626,561,576,604,665,574,498
626,561,576,604,665,574,498
626,561,576,604,665,574,498
626,561,576,604,633,574,498
626,561,576,604,633,574,498
626,561,576,604,633,574,498
626,561,576,604,633,574,498
626,561,576,604,633,574,498
626,561,576,604,633,574,498
626,561,576,604,633,574,498
626,561,576,604,572,574,498
626,561,576,604,572,574,498
626,561,576,604,572,574,498
626,561,576,604,572,574,498
626,613,576,604,572,574,498
626,613,576,604,572,574,498
626,613,576,604,572,574,498
626,613,576,604,572,574,498
626,613,576,604,572,574,498
626,613,576,604,572,574,498
626,613,576,604,572,574,453
626,613,576,604,572,574,453
679,565,576,604,572,574,453
679,565,576,604,572,574,453
679,565,576,604,572,574,453
679,565,576,604,572,574,453
679,565,576,604,572,574,453
631,565,576,604,572,574,453
631,565,576,604,572,574,453
631,565,576,604,572,600,453
631,565,576,604,572,600,453
631,565,576,604,572,600,453
631,565,576,604,572,600,453
631,565,576,604,572,600,453
631,591,576,604,572,600,453
631,591,576,604,641,600,453
631,591,576,604,641,600,501
631,591,576,604,641,600,501
631,591,576,604,641,600,501
631,591,576,604,641,600,501
631,591,576,604,641,600,501
631,591,576,604,641,600,501
631,591,576,604,641,600,501
631,591,576,604,641,600,501
631,591,576,604,641,641,501
631,591,576,604,641,641,501
631,591,576,604,641,641,544
631,591,576,604,641,641,544
631,591,576,604,641,641,544
631,591,576,604,641,641,544
631,591,576,604,641,641,544
631,591,576,604,641,641,544
631,591,576,604,641,641,544
631,591,576,604,641,641,544
631,591,576,604,641,641,544
559,591,576,604,641,641,544
559,591,576,604,641,577,544
559,543,576,604,641,577,544
559,543,576,604,641,577,544
559,543,576,604,641,577,544
559,543,576,604,641,577,265
559,543,576,604,641,577,265
559,543,576,604,641,577,265
559,543,576,604,641,577,265
559,543,576,604,590,577,265
559,543,576,604,590,577,265
559,543,576,604,590,577,265
559,543,576,604,590,577,265
559,543,576,604,590,577,265
559,543,576,604,590,577,265
559,543,576,604,590,577,265
559,543,576,604,590,577,265
559,543,576,604,590,577,265
556,543,576,604,590,577,265
556,543,576,604,551,577,265
556,543,576,604,551,577,265
556,543,576,604,551,577,265
556,543,576,604,551,577,265
556,543,576,604,551,577,518
556,543,576,604,551,577,518
556,543,576,604,551,577,518
556,543,576,604,551,577,518
556,543,576,604,551,577,518
556,543,576,604,551,577,518
556,543,576,604,551,577,518
556,543,576,604,551,577,480
556,543,576,604,590,577,480
556,543,576,604,590,577,480
556,543,576,604,590,577,480
556,543,576,604,590,577,480
556,543,576,604,590,577,480
556,543,576,561,590,577,480
556,543,576,561,590,577,480
556,543,576,561,583,577,480
556,543,576,561,583,577,480
556,543,576,561,583,577,480
556,543,576,561,583,577,480
556,543,576,561,583,577,480
556,543,576,561,583,698,409
556,543,576,561,583,698,409
556,543,576,708,583,698,409
556,543,576,708,583,698,409
556,543,576,708,583,698,409
556,543,576,708,583,698,409
556,543,576,708,583,698,409
556,543,576,708,583,698,510
556,543,576,708,583,698,510
556,543,576,708,583,698,510
556,543,576,708,583,685,510
556,543,576,662,583,685,510
556,501,576,662,583,685,510
556,501,576,662,583,685,510
725,501,576,662,583,685,510
725,501,576,662,583,685,510
725,501,576,662,583,558,510
725,501,576,662,583,558,510
725,501,576,557,583,558,510
628,501,576,557,583,558,510
628,501,616,557,583,558,510
628,501,616,557,583,558,535
628,501,616,557,583,558,535
628,501,616,557,583,558,535
628,501,616,557,583,558,535
628,501,616,557,583,558,535
628,501,616,557,583,558,535
628,501,616,557,583,629,535
628,501,616,557,672,629,535
628,501,591,557,672,629,535
628,501,591,557,672,629,535
628,501,591,557,672,629,535
628,501,591,557,672,629,535
628,501,591,557,672,629,535
628,501,591,548,672,629,535
628,501,591,548,672,629,535
628,501,591,548,672,629,535
628,501,591,548,672,648,535
628,501,591,548,672,648,535
628,501,593,548,672,648,535
628,501,593,548,672,648,535
628,501,593,548,672,648,535
628,537,593,574,672,648,535
628,537,593,574,672,648,535
628,537,593,574,672,648,535
628,537,593,574,672,648,471
628,537,593,574,672,648,471
628,537,593,574,672,648,471
628,537,593,574,672,648,471
628,537,593,574,672,648,471
628,537,593,574,678,648,471
628,537,593,574,678,648,471
628,537,593,574,678,648,471
628,537,593,574,678,648,471
628,537,593,574,678,648,471
628,537,593,574,678,648,471
628,537,593,574,678,648,471
628,537,593,574,678,648,471
628,537,593,574,678,648,528
628,537,593,574,610,648,528
628,537,593,574,610,648,528
628,537,593,574,610,648,528
628,537,593,656,610,648,528
628,537,593,656,610,648,528
628,537,593,656,610,648,528
628,537,593,656,610,648,528
628,537,593,656,610,648,528
628,537,593,656,610,648,528
628,537,593,656,610,648,528
628,537,593,656,610,648,528
628,537,593,656,610,648,528
628,537,593,656,610,648,528
628,537,593,656,610,648,528
628,537,593,656,610,648,528
628,537,593,656,610,648,528
628,537,593,656,610,648,528
628,537,627,656,610,648,528
628,537,627,656,610,648,528
628,537,627,656,610,648,528
628,537,627,656,610,648,528
628,537,627,656,610,648,528
628,537,627,656,619,648,528
628,537,627,656,619,648,528
628,537,627,656,619,648,453
628,537,627,656,619,648,453
628,537,627,656,619,648,453
628,537,627,656,619,648,453
628,537,627,656,619,648,453
628,537,608,656,600,648,453
795,537,608,656,600,648,453
795,537,608,656,600,648,453
795,537,608,656,600,648,453
795,537,608,656,600,648,453
795,537,608,656,600,648,453
657,537,608,656,600,648,453
657,537,608,656,600,648,453
657,537,608,656,600,648,453
657,537,608,656,600,648,453
657,537,608,656,600,648,453
657,537,610,656,600,648,453
657,537,610,656,600,648,453
657,537,610,656,600,648,453
657,537,610,656,600,648,453
657,537,610,656,600,648,453
657,537,610,656,600,648,453
657,537,610,656,600,648,453
657,537,610,656,645,648,453
657,537,610,656,645,648,453
657,537,615,656,645,648,453
657,537,615,656,645,648,453
657,537,615,656,645,648,453
657,537,615,656,645,648,453
657,537,615,656,645,648,453
657,537,615,656,645,648,453
657,537,615,656,645,648,453
657,537,615,656,645,648,430
657,537,615,656,645,648,430
657,537,615,656,645,648,430
657,537,615,656,645,648,430
657,537,615,656,645,648,430
657,537,615,656,645,648,430
657,537,615,656,645,648,430
657,537,615,656,645,648,430
657,537,615,656,645,648,430
657,537,615,656,645,648,430
657,537,615,656,645,648,511
657,537,615,656,645,648,511
657,537,615,656,645,648,511
657,537,615,656,645,648,511
657,537,615,656,645,648,511
657,537,615,656,645,648,511
627,537,615,656,645,648,511
627,537,615,656,645,648,511
627,537,615,656,645,648,511
627,537,615,656,645,648,527
627,537,615,656,645,648,527
627,537,615,656,645,648,527
627,537,615,656,645,648,527
627,537,615,656,645,648,527
627,537,615,656,585,648,527
634,537,615,656,585,648,527
634,537,615,656,585,648,527
634,537,615,564,585,648,527
634,537,615,564,585,648,527
634,537,615,564,585,648,527
634,537,615,564,585,648,527
634,537,615,564,585,648,527
634,537,615,564,585,648,455
634,537,615,564,585,648,455
634,537,615,564,585,648,455
634,537,615,564,585,648,455
634,537,615,564,585,648,455
634,537,614,564,585,648,455
634,537,614,564,585,648,455
634,537,614,564,585,648,455
634,537,614,564,648,648,455
634,537,614,564,648,648,455
634,537,614,564,648,648,455
634,537,614,564,648,648,455
634,537,614,564,648,648,455
634,537,614,564,648,648,455
585,537,614,564,648,648,455
585,537,614,564,648,648,455
585,537,614,564,648,648,455
585,537,614,564,648,648,455
585,537,614,564,648,648,455
585,537,614,564,648,648,455
585,537,614,564,648,648,455
585,537,614,564,648,648,455
585,537,614,564,648,648,455
585,537,614,564,571,648,455
585,537,614,564,571,648,455
585,537,614,564,571,648,455
585,537,614,564,571,648,455
585,537,614,564,571,648,455
585,537,614,564,571,648,455
585,537,614,564,571,648,455
585,537,614,564,571,610,455
585,537,614,564,571,610,455
585,537,614,564,571,610,455
585,537,614,564,571,610,455
585,549,614,564,571,610,455
585,549,567,564,571,610,455
585,549,567,564,571,610,455
585,549,567,564,571,610,455
585,549,567,564,571,610,455
585,549,567,564,571,610,464
585,549,567,564,571,610,464
585,549,567,564,571,610,464
585,549,567,564,571,610,464
557,549,567,564,571,610,464
557,549,567,564,571,585,464
557,549,567,564,544,585,464
557,549,567,564,544,585,464
557,549,567,564,544,585,464
557,549,567,594,544,585,464
557,549,567,594,544,585,464
557,549,567,594,544,585,464
557,549,567,594,544,585,464
557,549,567,594,544,585,464
624,549,567,594,544,585,464
624,549,567,594,544,585,464
624,549,567,594,544,585,464
624,549,567,594,544,585,464
624,549,567,594,569,585,464
567,549,567,594,569,585,464
567,549,567,594,569,585,464
567,549,567,594,569,585,464
567,549,567,594,569,585,464
567,549,567,594,569,585,461
567,549,567,594,569,585,461
567,549,567,594,569,585,461
567,549,567,594,569,585,461
567,544,567,594,569,585,461
567,544,567,594,569,585,461
567,544,567,594,569,585,461
567,544,567,594,569,585,461
567,544,567,594,569,545,461
567,544,567,594,569,545,461
567,544,567,594,569,545,461
567,544,567,594,569,545,461
567,544,567,594,569,545,461
567,544,567,594,569,545,461
567,544,567,594,569,545,461
567,544,567,594,569,545,461
567,544,567,594,569,545,461
567,544,567,594,569,545,461
567,544,567,594,569,545,309
567,544,567,594,569,545,309
567,544,567,594,569,545,309
567,544,567,594,569,545,309
567,544,567,594,569,545,309
567,544,567,594,569,545,309
567,544,567,594,569,545,309
567,544,567,594,569,545,309
567,544,567,594,569,545,309
567,544,567,594,569,545,309
567,544,567,594,569,545,309
567,544,567,594,569,545,309
567,544,567,594,563,545,309
567,544,567,594,563,545,309
567,544,567,594,563,545,309
567,544,567,594,563,545,309
567,544,567,594,563,545,309
567,573,488,594,563,545,309
567,573,488,594,563,545,309
567,573,488,594,563,545,542
567,573,488,594,563,545,542
567,573,488,594,563,545,542
567,573,488,594,563,545,542
567,573,488,594,563,545,542
567,573,488,594,563,545,542
567,568,488,594,563,545,542
567,568,488,594,576,545,497
567,568,488,594,576,545,497
567,568,488,594,576,545,497
567,568,253,594,576,545,497
567,568,253,594,576,545,497
567,568,253,606,576,545,497
567,568,253,606,576,545,497
567,568,253,606,576,545,497
567,568,253,606,576,545,497
567,568,253,606,576,545,497
567,568,253,606,576,545,497
567,568,594,606,576,545,478
567,568,594,606,576,545,478
567,568,594,606,576,545,478
567,568,594,606,576,546,478
567,568,594,606,576,546,478
567,568,594,606,576,546,478
562,568,594,606,576,546,478
562,568,594,606,576,546,478
562,568,594,606,576,546,478
562,568,594,606,576,546,478
562,568,594,606,576,546,478
562,568,594,606,576,546,478
562,568,594,606,576,546,478
562,568,594,606,576,576,478
562,568,723,606,576,576,478
562,568,723,606,576,576,478
562,568,723,606,576,576,478
562,568,723,606,576,576,478
562,568,723,606,576,576,478
562,568,723,606,576,576,478
562,568,723,606,576,576,478
557,568,723,606,576,576,478
557,568,723,606,576,576,478
557,568,597,606,576,576,478
557,568,597,606,576,576,478
557,568,597,606,576,576,478
557,568,597,606,576,576,478
557,568,597,606,576,569,478
557,568,597,606,576,569,478
557,568,597,606,576,569,478
557,568,597,606,576,569,478
557,568,597,606,576,569,478
566,568,597,606,576,569,478
566,568,597,606,576,569,478
566,568,597,606,576,569,478
566,568,597,606,576,569,478
566,568,597,606,576,558,478
566,568,650,606,576,558,478
566,568,650,606,576,558,478
566,568,650,606,576,558,478
566,568,650,606,576,558,478
598,568,650,606,577,558,478
598,568,650,606,577,558,478
598,568,650,606,577,558,478
598,568,650,606,577,558,478
598,568,650,606,577,558,478
598,568,650,606,577,558,478
598,568,650,606,577,558,478
598,568,650,606,577,558,478
598,568,650,606,577,558,478
598,568,650,678,577,558,478
564,568,576,678,577,558,478
564,568,576,678,577,558,478
564,568,576,678,577,558,478
564,568,576,678,577,558,478
564,568,576,678,577,558,478
564,568,576,678,577,558,478
564,568,576,678,577,558,478
564,568,576,678,577,558,478
564,568,576,678,578,558,478
564,568,576,678,578,558,478
564,568,576,678,578,558,478
564,568,576,678,578,558,478
564,568,574,678,578,558,478
564,568,574,678,578,558,478
583,568,574,678,578,558,478
583,568,574,678,578,558,478
583,568,574,678,578,558,478
583,568,574,678,578,558,478
583,568,574,678,578,558,478
583,568,574,678,578,565,478
583,563,574,678,578,565,478
583,563,574,633,578,565,478
583,563,574,633,578,565,478
583,563,574,633,578,565,478
583,563,574,633,578,565,478
632,563,574,633,578,565,478
632,563,574,633,578,565,478
632,563,574,633,578,565,478
632,563,574,633,578,565,478
632,563,574,633,564,565,478
632,563,574,633,564,565,478
632,563,574,633,564,565,478
632,563,574,633,564,565,478
632,563,574,633,564,565,478
632,543,574,633,564,565,478
632,543,574,633,564,565,478
560,543,598,617,564,565,478
560,543,598,617,564,565,470
560,543,598,617,564,565,470
560,543,598,617,564,565,470
560,543,598,617,564,565,470
560,543,598,617,564,564,470
560,543,598,617,564,564,470
560,543,598,617,564,564,470
560,543,598,617,564,564,470
560,543,598,590,564,564,470
560,543,598,590,564,564,470
560,543,598,590,591,564,470
560,543,598,590,591,564,470
560,543,598,590,591,564,470
560,543,598,590,591,564,470
560,543,598,590,591,564,470
560,543,598,590,591,564,470
560,543,598,590,591,564,470
560,543,598,590,591,564,470
560,543,598,590,591,564,470
560,543,598,590,591,564,470
560,543,598,590,591,564,470
605,543,598,590,591,564,470
605,543,598,590,591,564,470
605,543,565,590,591,564,470
605,543,565,590,591,564,470
605,543,565,590,591,564,470
605,543,565,590,591,564,470
605,543,565,590,591,564,470
605,543,565,590,591,564,470
606,543,565,590,591,564,470
606,543,565,590,591,564,470
606,543,565,590,591,564,470
606,543,565,590,591,564,470
606,543,565,590,591,564,470
606,543,565,590,591,564,470
606,543,565,590,591,564,470
606,543,565,590,573,564,470
606,543,565,590,573,564,470
606,543,565,590,573,564,554
606,543,565,590,573,564,554
606,543,565,590,573,564,554
606,543,565,590,573,564,554
606,543,565,590,573,564,554
603,543,565,590,573,564,554
603,543,565,590,573,564,554
603,543,565,590,573,564,491
603,543,565,590,573,564,491
603,543,565,590,573,564,491
603,543,565,590,573,564,491
603,543,565,590,573,564,491
617,543,565,590,573,564,491
617,543,565,590,573,564,491
617,543,565,590,573,564,491
617,543,565,590,590,564,491
617,543,565,590,590,564,491
617,543,582,590,590,564,476
617,543,582,590,590,564,476
617,543,582,590,590,564,476
617,543,582,590,590,564,476
617,543,582,590,590,564,476
617,543,582,590,590,564,476
617,543,582,590,590,564,476
617,543,582,590,590,564,476
588,543,582,590,590,564,476
588,543,582,590,590,564,476
588,543,582,590,590,564,476
588,543,582,590,590,564,476
588,546,582,590,590,564,476
588,546,582,590,590,564,476
588,546,582,590,590,564,476
588,546,582,611,590,564,476
588,546,582,611,590,564,476
588,546,582,611,590,564,476
588,546,582,611,590,564,476
588,546,582,611,590,564,476
588,546,576,611,590,564,476
588,546,576,611,590,564,476
588,546,576,611,590,564,506
588,546,576,611,590,564,506
588,546,576,611,590,564,506
588,546,576,611,590,564,506
581,546,576,611,590,564,506
581,546,576,611,590,564,506
581,546,575,611,595,564,506
581,546,575,611,595,564,506
581,546,575,611,595,564,506
581,546,575,611,595,564,506
581,546,575,611,595,564,506
566,546,575,611,595,564,506
566,546,575,611,595,566,506
566,546,575,611,595,566,506
566,546,575,611,595,566,506
566,546,575,611,595,566,506
566,546,575,611,595,566,506
566,546,575,611,595,566,506
566,546,575,611,595,566,506
578,546,575,611,595,566,506
578,546,575,611,595,566,506
578,546,575,611,595,566,506
578,546,575,611,595,566,506
578,546,575,611,595,566,506
578,546,575,611,595,566,506
578,546,578,611,595,566,506
578,546,578,611,595,566,506
578,546,578,611,558,566,506
578,546,578,611,558,566,506
578,546,578,611,558,566,506
578,546,578,611,558,566,506
578,546,578,611,558,566,506
578,546,578,611,558,566,506
578,546,578,611,558,566,506
578,546,578,611,558,566,506
578,546,578,611,558,566,506
578,546,578,611,558,566,506
578,546,578,611,558,566,506
578,546,578,611,558,566,506
578,546,578,611,558,566,506
578,546,578,611,558,566,506
578,546,578,611,558,566,506
578,546,578,611,558,566,506
578,546,578,611,558,566,506
578,546,578,611,558,566,506
578,546,578,611,558,566,506
578,546,578,611,558,566,506
578,546,578,611,558,566,506
578,546,578,611,558,566,506
578,546,578,611,558,566,506
578,546,578,611,558,566,506
575,520,578,611,558,577,506
575,520,578,611,558,577,506
575,520,578,611,558,577,506
575,520,578,611,558,577,506
575,520,578,611,558,577,506
575,520,578,611,558,577,506
575,535,578,611,558,577,506
575,535,578,611,558,577,506
575,535,578,611,558,577,506
575,535,578,611,558,577,506
575,535,578,611,558,577,506
575,535,578,611,558,577,506
575,535,578,611,558,577,506
575,535,578,611,558,577,506
575,535,578,611,558,577,506
575,535,578,611,579,577,506
575,535,618,611,579,577,506
575,535,618,611,579,577,506
631,535,618,611,579,577,506
631,535,618,611,579,566,506
631,535,618,611,579,566,506
631,535,618,611,579,566,506
631,535,618,611,579,566,506
631,535,618,611,579,566,506
631,535,618,611,579,566,476
631,535,592,611,579,566,476
631,535,592,611,579,566,476
631,535,592,611,579,566,476
631,535,592,611,579,566,476
631,535,592,611,579,566,476
681,535,592,611,579,566,476
681,535,592,611,579,566,476
681,535,592,611,579,566,476
681,535,592,611,579,566,476
681,535,592,611,579,566,476
619,535,592,611,579,566,476
619,535,592,611,579,566,476
619,535,592,611,579,566,476
619,535,592,611,579,566,476
619,535,592,611,579,566,476
619,535,678,611,579,566,476
619,535,678,611,579,566,476
619,535,678,611,579,566,476
619,535,678,611,579,566,476
619,535,678,611,579,566,476
619,535,678,611,579,566,476
619,535,678,611,579,566,476
619,535,678,611,579,566,476
619,535,678,611,579,566,476
619,535,678,611,579,566,476
619,535,566,611,579,566,476
619,535,566,611,579,566,476
578,535,566,611,579,566,476
578,535,566,611,579,566,476
578,535,566,611,669,566,476
578,535,566,611,669,566,476
578,535,566,611,669,566,476
578,535,566,611,669,566,476
578,535,566,611,669,566,476
578,535,566,611,669,566,476
578,535,566,611,669,566,476
578,535,566,611,669,566,476
578,535,566,611,669,566,476
578,535,566,611,669,566,476
578,535,566,611,669,566,476
578,535,566,611,669,566,476
578,535,566,611,669,566,476
578,535,566,611,627,566,476
578,535,566,611,627,566,476
578,535,566,611,627,566,476
578,535,566,611,627,566,476
578,535,566,611,627,566,476
578,535,566,611,627,566,476
578,535,566,611,627,566,476
578,535,566,611,627,566,476
578,535,566,611,627,566,476
578,535,566,611,627,566,476
578,535,566,611,629,566,476
578,535,566,611,629,566,476
578,535,566,611,629,566,476
578,535,566,611,629,566,476
578,535,566,611,629,566,476
578,535,566,611,629,566,476
578,535,566,611,629,566,476
578,535,566,611,629,566,476
578,535,566,587,629,566,476
578,535,566,587,629,566,476
578,535,566,587,629,566,538
578,535,566,587,629,566,538
578,535,566,587,629,566,538
578,535,566,587,629,566,538
578,535,566,587,629,566,538
578,535,566,587,583,566,538
578,535,566,587,583,566,538
578,535,566,587,583,566,538
578,535,566,587,583,566,538
578,535,566,587,583,566,538
578,535,566,587,583,566,538
578,535,566,587,583,566,486
578,535,566,587,583,566,486
578,535,566,587,583,566,486
625,535,565,587,583,566,486
625,535,565,587,583,566,486
625,535,565,587,583,566,486
625,578,565,587,583,566,486
625,578,565,587,583,566,486
558,578,565,587,583,566,486
558,578,565,587,583,566,486
558,578,565,587,551,566,486
558,578,565,587,551,566,486
558,578,565,587,551,566,486
558,578,599,587,551,566,486
558,578,599,587,551,566,486
558,578,599,587,551,566,486
558,578,599,587,551,566,486
558,578,599,587,551,566,486
558,578,599,587,551,566,486
558,578,599,587,551,566,486
558,578,599,587,551,566,486
558,578,599,587,551,566,486
558,578,599,587,551,566,486
558,578,599,587,551,566,486
558,578,599,587,572,566,486
558,578,599,587,572,566,486
558,578,563,587,572,566,486
558,578,563,587,572,566,486
558,578,563,587,572,566,486
558,578,563,587,572,583,486
558,578,563,587,572,583,486
558,578,563,587,572,583,486
558,578,563,587,572,583,486
558,622,563,587,572,583,486
558,622,563,587,572,583,486
558,622,563,587,572,583,486
558,622,563,587,572,583,486
558,622,563,587,572,583,486
558,622,563,587,572,583,486
558,622,563,587,572,583,486
558,622,563,587,572,583,486
558,622,563,587,572,583,486
558,622,563,587,572,583,486
558,622,563,587,572,583,486
558,622,563,587,572,583,486
558,622,563,587,572,583,486
558,622,563,587,572,583,486
558,622,563,587,572,583,486
558,622,563,587,572,583,486
558,622,563,587,572,583,486
558,622,563,587,572,583,486
558,622,563,587,572,583,486
558,622,563,587,572,583,486
558,622,563,587,572,583,486
558,622,563,587,572,583,486
549,622,563,587,572,583,486
549,622,563,587,572,583,486
549,622,563,597,572,583,486
549,622,563,597,572,583,486
549,622,563,597,572,583,486
549,622,563,597,572,583,486
549,622,563,597,572,583,486
549,622,563,597,572,583,486
549,622,563,597,572,583,486
549,622,563,597,572,583,486
549,622,563,597,572,583,486
549,622,563,597,572,583,486
549,622,563,597,572,583,486
549,622,563,597,572,583,486
549,622,563,597,572,583,486
549,622,563,597,572,583,486
549,622,563,597,572,583,486
549,622,563,597,572,583,486
549,622,563,597,572,583,486
549,622,563,597,572,583,486
549,622,563,597,572,583,486
549,622,563,597,572,583,486
549,622,563,597,572,583,486
549,622,563,597,572,583,486
564,622,563,597,572,583,486
564,622,563,597,572,583,486
564,622,563,597,572,583,486
564,622,563,597,572,583,486
564,622,563,597,572,583,486
564,622,563,597,572,583,486
564,622,563,597,572,583,486
564,622,563,597,560,583,486
564,622,563,597,560,583,486
564,622,563,597,560,583,486
564,622,563,597,560,583,486
564,622,563,597,560,583,486
564,622,563,597,560,583,486
564,622,563,597,560,583,486
564,622,563,597,560,583,486
564,622,563,597,560,583,486
564,622,563,597,560,583,486
564,622,563,597,560,583,486
564,622,563,597,560,583,486
564,622,563,597,560,583,486
564,622,563,597,560,583,486
564,622,563,597,560,583,486
564,622,563,597,560,583,486
564,622,563,597,560,583,486
564,622,563,597,560,583,486
564,622,563,597,560,583,486
564,622,563,597,560,583,486
564,622,563,597,560,583,486
564,622,563,597,560,583,486
564,622,563,597,560,583,486
564,622,563,597,560,583,486
564,622,563,597,560,583,486
564,622,563,597,560,583,486
564,622,563,597,560,583,486
564,622,563,597,560,583,486
564,622,563,597,560,583,486
564,622,563,597,560,583,486
564,622,563,597,560,583,486
564,622,563,597,560,583,486
564,622,563,597,560,583,486
564,622,563,597,560,583,486
564,622,563,597,560,583,472
564,622,563,597,560,583,472
564,622,563,597,560,583,472
564,622,563,597,560,583,472
634,622,563,597,560,583,472
634,622,563,597,560,583,472
634,622,563,597,560,583,472
634,622,563,597,560,583,472
634,622,563,597,560,583,472
550,622,563,597,560,583,472
550,622,563,597,560,583,472
550,622,563,597,560,583,472
550,622,563,597,560,583,472
550,622,563,597,560,583,472
550,586,563,597,560,583,472
550,586,563,597,560,583,472
550,586,563,597,560,583,472
550,586,563,597,560,583,472
550,586,563,597,560,583,472
550,586,563,597,560,583,472
550,586,563,597,560,583,472
550,586,563,597,560,583,472
550,586,563,597,560,583,472
550,586,563,597,560,583,472
550,586,563,597,560,583,472
550,586,563,597,560,583,472
550,586,563,597,560,583,472
550,586,563,597,560,583,472
550,586,563,597,560,583,472
550,586,563,597,560,583,472
550,586,563,597,560,583,472
550,586,563,597,560,583,472
550,586,563,597,560,583,472
550,586,546,597,560,583,472
550,586,546,597,560,583,472
550,586,546,597,560,583,472
550,586,546,587,560,583,472
550,586,546,587,560,574,472
550,586,546,587,560,574,472
550,586,546,587,560,574,515
550,586,573,587,560,574,515
550,586,573,587,560,574,515
550,586,573,587,560,574,515
550,586,573,534,560,574,515
550,621,573,534,560,574,515
550,621,573,534,560,574,515
550,621,573,534,560,574,515
550,621,573,534,560,574,515
550,621,573,534,560,574,515
550,621,573,534,560,574,515
550,557,573,578,571,574,515
550,557,573,578,571,574,515
550,557,573,578,571,574,515
550,557,573,578,571,574,515
550,557,573,578,571,574,515
550,557,573,578,571,574,515
550,557,573,578,571,574,515
550,557,573,578,571,574,515
550,557,573,578,571,574,515
550,557,573,578,571,574,515
550,557,573,578,571,574,515
550,557,573,578,571,574,515
548,557,573,578,571,574,515
548,557,573,578,571,574,515
548,651,573,578,571,574,515
548,651,573,578,571,574,515
548,651,573,578,571,574,515
548,651,573,578,571,574,515
548,651,573,594,571,574,515
548,651,573,594,571,574,515
548,651,573,594,571,574,515
548,651,573,594,571,574,515
548,651,573,594,571,574,515
548,651,573,594,571,574,515
548,651,601,594,571,574,515
548,731,601,594,571,574,515
548,731,601,594,571,574,515
548,731,601,594,571,574,515
548,731,601,594,571,574,515
548,731,601,594,571,574,523
548,731,601,594,571,574,523
548,679,601,594,571,574,523
548,679,601,594,571,574,523
548,679,601,594,571,574,523
548,679,601,594,571,574,523
548,679,601,594,571,574,523
548,679,623,594,571,574,523
548,679,623,594,571,574,523
548,737,623,594,571,574,523
548,737,623,594,571,574,523
548,737,623,594,571,574,523
548,737,623,594,571,574,523
548,737,623,594,571,574,523
553,737,623,594,571,574,523
553,737,623,594,571,574,523
553,737,623,594,571,574,523
553,567,623,594,571,574,523
553,567,623,594,571,574,523
553,567,623,594,571,574,523
559,567,623,594,571,574,523
559,567,623,594,571,574,523
559,567,623,594,571,574,523
559,567,623,594,571,574,523
559,567,623,594,571,574,523
559,567,623,594,571,574,523
559,567,623,594,571,574,523
559,567,623,594,571,574,523
559,567,623,594,571,574,523
559,567,623,594,571,574,523
577,567,623,594,571,574,523
577,567,623,594,591,574,523
577,567,623,594,591,574,523
577,567,623,594,591,574,523
577,567,623,594,591,574,523
577,567,623,594,591,574,523
577,567,623,594,591,574,523
577,567,623,594,591,574,523
577,567,623,594,591,574,523
577,567,623,594,591,574,523
577,567,623,594,567,574,523
577,567,623,594,567,574,523
577,567,623,594,567,574,523
577,567,623,590,567,574,523
577,567,623,590,567,574,523
577,567,576,590,567,574,523
577,567,576,590,567,574,523
577,567,576,590,567,574,523
577,567,576,590,567,574,523
577,567,576,590,567,574,523
577,567,576,590,567,574,523
632,567,576,590,567,574,523
632,567,576,590,567,574,523
632,567,576,590,567,574,523
632,567,576,590,567,574,523
632,567,576,590,567,574,523
632,567,574,590,567,574,523
632,567,574,590,567,574,523
632,567,574,590,567,574,523
632,567,574,590,567,574,523
632,567,574,590,567,574,523
632,567,574,590,567,574,523
632,567,574,590,567,574,523
632,567,574,590,567,574,523
632,567,574,590,567,574,523
632,567,574,590,567,574,523
673,567,574,590,567,574,523
673,567,574,590,567,574,523
673,567,574,590,567,574,523
673,611,574,590,567,574,523
673,611,574,590,567,574,523
673,611,574,590,567,574,523
673,611,574,590,567,574,523
673,611,574,590,567,574,523
673,611,574,590,567,574,523
673,611,574,590,567,574,523
673,611,574,590,567,574,523
673,611,574,590,567,574,523
673,611,574,590,567,574,523
673,611,574,590,567,574,523
673,611,574,590,567,574,523
673,611,574,590,567,574,523
673,611,574,590,567,574,523
673,611,574,587,567,574,523
673,611,574,587,567,574,523
673,611,574,587,567,574,523
673,611,574,587,567,574,523
673,611,574,587,567,574,523
673,611,574,587,567,574,523
673,611,574,587,567,574,523
673,611,574,587,567,574,523
557,611,574,587,567,574,523
557,611,574,587,567,574,523
557,611,574,587,567,574,523
557,611,574,587,567,574,523
557,611,574,587,567,574,523
557,611,574,587,567,574,523
557,611,574,587,567,574,523
572,611,574,587,567,574,523
572,611,574,587,567,574,523
572,611,574,587,567,574,523
572,611,574,587,567,574,523
572,611,574,587,567,574,523
572,611,574,587,567,574,523
572,611,574,587,567,574,523
572,611,574,587,567,574,523
572,611,574,587,567,574,523
549,611,574,587,567,574,523
549,611,574,587,567,574,523
549,611,574,587,567,574,523
549,611,574,587,567,574,523
549,611,574,587,567,574,523
549,611,574,587,567,574,523
549,611,574,587,567,574,523
549,611,574,587,567,574,523
549,626,574,587,567,574,523
549,626,569,587,567,574,523
549,626,569,587,567,574,523
549,626,569,587,567,574,523
549,626,569,587,567,574,523
549,626,569,587,567,574,523
549,626,569,587,567,574,523
549,626,569,587,567,574,523
549,626,569,587,567,574,523
549,626,569,587,567,574,523
549,626,569,587,585,574,523
549,626,569,587,585,574,523
549,626,569,587,585,574,523
549,626,569,587,585,574,523
549,626,569,587,585,574,523
549,626,569,587,585,574,523
549,626,569,587,585,574,523
549,626,569,587,585,574,523
549,626,569,587,585,574,523
549,626,569,587,585,574,523
549,694,569,587,585,574,523
549,694,569,587,585,574,523
549,694,569,587,585,574,523
549,694,569,587,585,574,523
549,694,569,588,585,574,523
549,694,569,588,585,574,523
549,694,569,588,585,574,523
549,694,569,588,585,574,523
549,694,569,588,585,574,523
549,694,569,588,585,574,523
549,694,569,588,585,574,523
549,694,569,588,585,574,523
549,694,569,588,585,612,523
549,694,569,588,585,612,523
549,694,569,588,585,612,523
549,694,569,588,585,612,523
633,694,569,588,585,612,523
633,694,569,588,585,612,523
633,694,569,588,585,612,523
633,694,569,588,585,612,523
633,694,569,588,585,612,523
555,694,569,588,585,612,523
555,694,569,588,585,612,523
555,694,569,588,585,612,523
555,694,569,588,585,612,523
555,694,569,588,585,579,523
555,694,569,588,585,579,523
555,694,569,588,585,579,523
555,694,569,588,585,579,523
555,694,569,588,585,579,523
555,694,569,588,585,575,523
555,694,569,588,585,575,523
555,694,569,588,585,575,523
555,694,569,588,585,575,523
555,694,569,588,585,575,523
555,694,569,588,585,575,523
555,694,569,585,585,575,523
555,694,569,585,585,575,523
555,694,569,585,585,575,523
555,694,569,585,585,575,523
555,694,569,585,585,575,523
555,694,569,585,585,575,523
555,694,569,585,585,575,523
555,694,569,585,585,575,523
598,694,569,585,585,575,523
598,694,569,585,585,575,523
598,694,569,585,585,575,523
598,694,569,585,585,575,523
598,694,569,585,585,575,523
598,694,569,585,585,575,523
598,694,569,585,585,575,523
565,694,569,585,585,575,523
565,694,569,585,585,575,523
565,694,569,585,585,575,523
565,694,569,585,585,575,523
565,694,569,585,585,575,523
565,694,569,585,585,575,523
565,694,569,585,585,575,523
565,694,569,585,585,575,523
565,694,569,585,585,671,523
565,694,569,585,585,671,523
565,694,569,585,585,671,523
565,694,569,585,585,671,523
565,694,569,585,585,671,523
565,694,569,585,585,591,523
565,694,569,585,577,591,523
565,694,569,585,577,591,523
565,694,569,585,577,591,523
565,694,580,585,577,591,523
565,694,580,585,577,591,523
565,694,580,585,577,591,523
565,694,580,585,577,591,523
565,694,580,585,577,591,523
565,694,580,585,577,591,523
565,694,580,585,577,591,523
565,694,565,585,577,591,523
565,694,565,585,577,591,523
565,694,565,585,577,591,523
565,694,565,585,577,591,509
565,694,565,585,577,591,509
619,694,565,585,577,591,509
619,694,565,585,577,591,509
619,694,565,585,577,591,509
619,694,571,585,577,591,509
619,694,571,585,577,591,509
619,694,571,527,577,591,509
619,694,571,527,577,591,509
619,694,571,527,577,591,509
619,694,571,527,577,591,509
619,694,571,527,577,591,509
619,694,571,600,577,591,509
619,694,571,600,577,591,509
619,694,571,600,577,581,509
619,694,571,600,577,581,509
619,694,571,600,577,581,509
619,694,571,600,577,581,509
619,694,571,600,577,581,509
619,694,571,600,577,581,509
619,694,571,600,577,581,509
619,694,571,600,577,581,509
619,694,571,600,577,599,509
619,694,571,600,577,599,509
619,694,571,600,577,599,509
619,694,571,600,577,599,509
619,694,571,600,577,599,509
715,694,571,600,569,599,509
715,694,571,600,569,599,547
715,694,571,600,569,599,547
715,694,571,600,569,599,547
715,694,571,600,569,599,547
611,694,571,600,569,599,547
611,694,571,600,569,599,547
611,694,571,600,569,599,547
611,694,571,600,569,599,547
611,694,571,600,569,566,547
611,694,571,600,569,566,547
611,694,571,600,569,566,547
611,694,571,600,569,566,547
611,694,571,600,569,566,547
611,694,571,600,569,566,518
611,694,571,600,569,566,518
611,656,571,600,569,566,518
611,656,571,600,569,566,518
611,656,571,600,604,566,518
611,656,571,600,604,566,518
611,656,586,600,604,566,518
611,656,586,600,604,566,518
611,656,586,600,604,551,518
611,656,586,600,604,551,518
611,656,586,600,604,551,519
611,656,586,600,604,551,519
611,656,586,600,604,551,519
611,656,586,600,604,551,519
611,656,844,600,604,551,519
611,656,844,600,604,551,519
611,656,844,600,604,551,519
611,656,844,600,604,551,482
611,656,844,600,604,551,482
611,656,844,600,604,551,482
611,656,844,600,604,548,482
611,656,844,600,604,548,482
611,656,632,600,604,548,482
611,656,632,600,604,548,482
611,656,632,600,604,548,482
611,656,632,600,604,570,482
611,656,632,600,604,570,482
611,616,632,600,604,570,482
611,616,632,600,604,570,482
611,616,590,600,604,570,482
611,616,590,600,604,570,519
611,616,590,600,604,570,519
611,616,590,600,604,570,519
611,616,590,600,590,570,519
611,616,590,600,590,570,519
611,616,590,600,590,570,519
611,616,590,600,590,570,519
611,616,590,600,590,570,519
611,616,590,600,590,570,519
611,616,590,600,590,570,519
566,616,590,600,590,570,519
566,616,590,600,590,570,519
566,616,590,600,590,570,519
566,616,590,600,590,570,519
566,616,590,600,590,570,519
566,616,590,600,590,570,519
566,616,590,600,590,570,519
566,616,590,600,590,570,519
566,616,590,600,590,570,519
566,616,590,600,590,570,519
566,616,590,600,590,570,519
566,616,590,600,590,570,519
566,616,590,600,590,570,519
566,616,590,600,590,570,519
566,616,807,600,590,570,519
566,616,807,600,590,570,519
566,616,807,600,590,570,519
566,616,807,600,590,570,519
566,616,807,600,590,570,519
566,616,807,600,590,570,519
566,616,807,600,590,570,519
566,616,807,600,630,570,519
566,616,807,600,630,570,519
566,616,807,600,630,570,519
566,616,807,600,630,570,519
566,616,807,600,630,570,519
549,616,807,600,630,570,519
549,616,807,600,630,570,519
549,616,807,600,630,570,519
549,616,807,600,630,570,519
549,616,807,600,630,570,475
549,616,943,600,630,570,475
549,616,943,600,630,570,475
549,616,943,600,630,570,475
549,616,943,600,630,570,475
549,616,943,600,630,570,475
549,616,943,600,630,570,475
549,616,943,600,630,570,475
549,616,535,600,630,563,475
549,616,535,600,630,563,475
549,616,535,600,630,563,475
549,616,535,600,630,563,475
549,616,535,600,637,563,475
549,616,535,600,637,564,475
549,616,535,600,637,564,475
549,616,535,600,637,564,475
549,616,535,600,637,564,475
549,616,590,600,637,564,475
549,616,590,600,637,564,475
549,616,590,600,637,564,475
549,616,590,600,637,564,475
549,616,590,600,637,564,475
549,616,590,600,637,564,475
549,616,590,600,637,564,475
549,616,590,600,637,564,475
549,616,590,600,637,564,475
549,616,590,600,637,564,475
549,616,590,600,637,564,475
549,616,590,600,637,564,475
549,616,590,600,637,564,518
549,616,590,600,637,536,518
549,616,563,600,637,536,518
549,616,563,600,637,536,518
549,616,563,600,637,536,518
549,616,563,600,637,536,518
549,733,563,600,637,536,518
549,733,563,600,637,536,518
549,733,563,601,637,536,518
549,733,563,601,637,536,518
549,733,563,601,637,536,518
549,733,563,601,637,536,518
549,733,563,601,637,536,518
549,733,563,601,637,536,518
549,733,563,601,637,536,518
549,630,563,567,637,536,518
549,630,563,567,637,536,518
549,630,563,567,637,536,518
549,630,563,567,637,554,518
549,630,563,567,637,554,518
549,630,651,567,637,554,518
549,630,651,567,637,554,537
549,630,651,567,637,554,537
549,630,651,567,637,554,537
549,630,651,567,637,554,537
549,630,651,567,637,554,537
549,630,651,567,637,554,537
549,630,651,567,637,554,537
549,630,651,567,637,554,537
549,630,651,567,637,554,537
549,630,651,567,637,554,537
549,583,651,567,637,554,537
549,583,651,567,637,554,537
549,583,651,567,637,554,537
549,583,651,567,637,554,537
549,583,651,567,637,554,537
496,583,651,567,637,554,543
496,583,663,567,637,554,543
496,583,663,567,637,589,543
496,583,663,567,637,589,543
496,583,663,614,637,589,543
496,583,663,614,637,589,543
496,708,663,614,637,589,543
558,708,663,614,637,589,543
558,708,658,614,637,568,543
558,708,658,614,637,568,543
558,708,658,614,637,568,543
558,708,658,614,637,568,527
558,708,658,614,637,568,527
558,708,658,614,637,568,527
558,708,658,614,637,568,527
558,708,658,614,637,568,527
558,757,658,614,637,568,527
558,757,613,608,637,568,527
558,757,613,608,637,568,527
558,757,613,608,637,568,527
551,757,613,608,637,568,527
551,757,613,608,637,568,527
551,757,613,626,637,568,527
551,757,613,626,637,568,527
551,757,613,626,637,568,527
551,757,613,626,637,568,527
551,757,613,626,637,568,527
551,757,613,626,637,568,527
551,769,613,626,637,568,527
551,769,854,626,637,568,527
551,769,854,640,637,568,527
470,769,854,640,637,568,527
470,769,854,640,637,568,527
470,769,854,640,637,568,527
470,769,854,640,637,568,527
470,769,854,640,637,568,527
470,769,854,640,637,568,561
470,769,854,640,637,568,561
470,769,854,640,637,562,561
470,769,854,640,637,562,561
470,769,854,640,637,562,561
470,769,854,640,637,562,561
470,769,554,640,637,562,561
470,769,554,640,637,562,561
470,769,554,640,637,562,561
470,769,554,640,637,562,561
599,720,554,640,637,562,562
599,720,554,651,637,562,562
599,720,458,651,637,562,562
599,720,458,651,637,562,562
599,720,458,651,637,562,562
599,720,458,651,637,562,495
599,720,458,651,637,562,495
599,720,458,651,637,605,495
599,720,458,651,637,605,495
599,720,437,651,637,605,495
614,720,437,651,637,605,495
614,720,437,651,637,605,495
614,720,437,651,637,605,495
614,609,437,651,637,605,472
614,609,437,651,637,605,472
614,609,437,641,637,605,472
614,609,437,641,637,626,472
614,609,437,641,637,626,472
614,609,598,641,637,626,472
614,609,598,641,637,626,610
614,609,598,641,623,626,610
614,609,598,641,623,626,610
614,609,598,641,623,626,610
614,609,598,641,623,626,610
614,609,598,641,623,626,610
550,609,598,641,623,626,610
550,609,598,641,623,626,610
550,609,598,641,623,626,610
550,609,598,641,623,626,610
550,609,598,641,623,626,610
550,609,598,641,623,626,734
550,609,598,641,645,590,734
550,609,598,641,645,590,734
550,609,598,641,645,590,734
550,609,598,641,645,590,734
550,609,598,641,645,590,734
550,609,598,641,645,590,734
550,609,598,641,645,630,734
550,609,598,641,645,630,734
550,609,598,641,645,630,734
550,609,598,641,645,630,734
550,609,598,641,645,630,734
550,609,572,641,645,630,734
550,609,572,641,645,630,657
550,609,572,641,645,630,657
550,609,572,641,645,630,657
552,609,572,641,645,630,657
552,609,572,641,645,575,657
552,609,572,641,645,575,657
552,609,572,641,645,575,709
552,609,572,641,645,575,709
552,609,572,641,645,575,709
552,609,572,641,645,575,709
552,609,572,641,645,575,709
552,609,572,641,645,575,709
552,609,572,594,645,575,709
552,609,572,594,645,575,709
552,609,572,594,645,575,709
552,609,572,594,645,575,576
552,609,572,594,645,575,576
552,609,572,594,645,575,576
552,609,572,594,645,575,576
552,609,572,594,645,575,576
600,609,599,594,645,575,576
600,609,599,594,645,575,576
600,609,599,594,645,575,576
600,609,599,594,645,575,576
600,609,599,594,645,575,576
600,609,599,594,645,575,576
600,609,599,594,645,575,576
600,609,599,594,645,575,554
600,635,599,594,645,575,554
600,635,675,594,645,575,554
600,635,675,628,645,575,554
600,635,675,628,645,575,554
600,635,675,628,645,575,554
600,635,675,628,645,575,554
600,635,675,628,645,561,554
600,635,595,628,645,561,554
615,635,595,628,645,561,554
615,635,595,628,645,561,554
615,635,595,628,645,561,554
615,635,595,628,645,561,554
615,635,595,628,645,561,554
615,635,595,628,645,561,554
615,635,595,628,645,599,554
615,635,595,628,645,599,554
615,635,595,628,645,599,554
615,635,595,628,645,599,554
615,635,595,628,645,599,554
615,635,595,628,645,599,554
615,635,595,628,645,599,554
615,635,595,628,645,599,554
615,635,595,628,645,599,554
615,635,595,628,645,599,554
615,635,595,628,614,599,554
615,635,595,628,614,599,554
615,635,595,628,614,599,554
615,635,595,628,614,599,554
615,635,595,628,614,599,554
615,635,595,628,614,599,554
615,635,595,628,614,599,554
587,635,595,628,614,599,554
587,635,595,628,614,599,561
587,635,595,628,614,599,561
587,585,595,628,614,599,561
587,585,595,628,614,599,561
587,585,595,628,614,602,561
587,585,595,628,614,602,561
587,585,595,628,614,602,561
587,585,595,628,614,602,561
587,585,595,628,614,602,561
587,585,595,628,614,602,561
587,585,595,628,614,602,561
587,585,595,628,614,602,561
587,585,595,628,614,602,561
587,585,595,628,614,602,561
587,585,595,628,614,602,561
587,585,595,628,614,602,561
587,585,595,628,614,602,561
587,555,595,628,614,602,561
587,555,595,628,614,602,561
587,555,595,628,614,602,561
587,555,595,628,614,602,561
587,555,595,628,614,602,561
587,555,595,628,614,602,561
587,555,595,628,614,602,561
587,555,595,628,614,602,561
587,555,595,628,614,602,561
587,555,595,628,614,602,561
587,555,595,628,614,602,561
587,555,595,628,614,602,561
587,555,595,628,614,602,561
587,555,595,628,614,602,561
587,555,595,628,614,602,561
587,555,595,628,631,602,561
587,555,595,628,631,602,561
587,555,595,628,631,602,561
587,555,595,628,631,602,561
587,555,595,628,631,602,561
587,555,595,628,631,602,561
587,555,595,628,631,602,561
587,555,595,628,631,602,561
587,555,595,628,631,602,561
587,555,595,628,631,657,561
587,555,591,628,631,657,561
587,555,591,628,631,657,561
587,555,591,628,631,657,561
587,555,591,628,631,657,561
587,555,591,628,631,567,561
587,555,591,628,631,567,561
587,555,591,628,631,567,561
587,555,591,628,631,567,561
587,555,591,628,631,567,561
587,555,591,628,631,567,561
587,555,591,628,631,567,561
587,555,591,628,631,567,561
587,555,591,628,631,567,561
587,555,733,628,631,567,561
587,555,733,628,631,567,561
587,555,733,628,631,567,561
587,555,733,628,631,567,561
587,555,733,628,631,567,561
587,555,733,628,631,567,561
587,555,733,628,631,567,561
587,555,733,628,631,567,561
697,555,899,628,631,567,561
697,555,899,628,631,567,561
697,555,899,628,631,567,561
697,555,899,628,631,567,561
697,555,899,628,631,567,561
605,555,899,628,631,567,561
605,555,899,628,631,567,561
605,555,899,628,631,567,561
605,555,899,628,631,567,561
605,555,899,628,631,567,561
605,555,899,628,631,567,561
605,538,899,628,631,567,561
605,538,899,628,631,567,561
605,538,899,628,631,567,561
605,538,899,628,631,567,561
605,538,899,628,631,567,561
605,538,805,628,631,567,561
605,538,805,628,631,567,561
605,538,805,628,631,567,561
605,538,805,628,631,567,561
605,538,805,628,612,567,561
605,538,805,628,612,568,561
605,538,647,628,612,568,561
605,538,647,628,612,568,561
605,538,647,628,612,568,561
605,538,647,628,612,568,561
605,538,647,628,612,568,561
605,538,647,628,612,568,561
605,538,647,628,612,568,561
605,538,585,628,612,568,561
605,538,585,628,612,568,561
605,538,585,863,663,568,561
605,538,585,863,663,568,561
605,538,585,863,663,568,561
605,538,585,863,663,568,561
605,538,585,863,663,568,561
605,538,585,863,663,568,561
605,538,585,863,651,568,561
605,538,585,863,651,568,561
605,538,585,863,651,568,561
605,538,585,863,651,568,561
605,538,585,863,651,568,561
605,538,585,863,651,568,561
605,538,585,863,651,568,561
605,538,585,863,651,568,561
605,538,585,595,651,568,561
605,538,585,595,651,568,561
605,538,585,595,651,568,561
605,538,585,595,651,568,561
605,538,585,595,651,568,561
605,538,585,595,651,568,561
605,538,585,595,651,568,561
605,538,585,595,651,568,561
605,538,585,595,651,568,561
605,538,585,595,651,568,561
605,538,585,595,651,568,561
605,538,585,595,651,568,561
605,538,585,595,651,568,561
605,538,585,627,651,568,561
605,538,585,627,651,568,561
605,538,585,627,651,568,561
605,538,585,627,650,568,561
605,538,585,627,650,568,561
605,538,585,627,650,568,561
510,538,585,627,650,568,561
510,538,585,627,650,568,561
510,538,585,627,650,568,561
510,538,585,627,650,568,561
510,538,585,627,650,568,561
510,538,585,627,650,568,561
510,538,585,627,650,568,561
510,538,585,627,650,568,561
510,538,585,627,650,568,561
510,538,585,627,650,568,561
510,538,585,627,650,568,561
510,538,585,627,650,568,561
510,538,585,627,650,568,561
510,538,585,627,650,568,561
559,538,584,627,650,568,561
559,538,584,627,650,568,561
559,538,584,627,650,568,561
559,538,584,627,650,568,561
559,538,584,627,650,568,561
559,538,584,627,637,568,561
559,538,584,627,637,568,561
559,538,584,627,637,568,561
559,538,584,627,637,568,561
559,538,584,627,637,568,561
559,538,584,627,637,568,561
559,538,584,627,637,568,561
559,538,584,627,637,568,561
559,538,584,627,637,568,561
559,538,584,627,637,568,561
559,538,584,627,637,568,561
559,538,584,627,637,568,561
559,538,584,627,637,568,561
559,538,584,627,637,568,561
559,538,584,627,637,568,561
559,538,584,627,637,568,561
559,538,584,627,637,568,561
559,538,584,627,637,568,561
559,538,584,627,637,568,561
559,538,584,627,637,568,561
559,538,584,627,601,568,561
559,538,584,627,601,568,561
559,538,584,627,601,568,561
559,538,584,627,601,568,561
559,538,584,627,601,568,561
559,538,584,627,601,568,561
559,538,584,627,601,568,561
559,538,584,627,601,568,561
559,538,584,627,601,568,561
559,538,584,627,601,568,561
559,538,565,627,601,568,561
559,538,565,627,601,568,561
559,538,565,627,601,568,561
559,538,565,627,601,568,561
559,538,565,627,601,568,561
559,538,565,627,601,568,561
559,538,565,627,601,568,561
559,538,565,627,601,568,561
559,538,565,627,601,568,561
559,538,565,627,601,568,561
559,538,565,627,601,568,561
559,538,565,627,601,568,561
625,538,565,627,601,568,561
625,538,565,627,601,568,561
625,538,565,627,601,568,561
625,538,565,627,601,568,561
625,538,565,627,643,568,561
568,538,565,627,643,568,561
568,538,565,627,643,568,561
568,538,565,627,643,568,561
568,538,565,627,643,568,561
568,538,565,627,643,568,561
568,538,565,627,611,568,561
568,538,565,627,611,568,561
568,538,565,627,611,568,561
568,538,565,627,611,568,561
568,538,565,627,611,568,561
568,538,565,627,611,568,561
568,538,565,627,611,568,561
568,538,565,627,611,568,561
568,538,565,627,611,568,561
568,538,565,592,611,568,561
568,538,565,592,611,568,561
568,538,565,592,611,568,561
568,538,565,592,611,568,561
568,538,565,592,611,568,561
568,538,565,592,611,568,561
568,538,565,592,611,568,561
568,538,565,592,611,550,561
568,538,565,592,611,550,561
568,538,565,592,611,550,561
568,538,565,592,611,550,561
568,538,565,592,611,550,561
568,538,565,592,611,550,561
568,538,565,592,611,550,561
568,538,565,592,611,550,561
568,538,565,592,611,550,561
568,538,565,592,611,550,561
568,538,565,592,595,550,561
525,538,565,592,595,574,561
525,538,565,592,595,574,561
525,538,565,592,595,574,561
525,538,565,592,595,574,561
525,538,565,592,595,574,561
525,538,565,592,595,574,561
525,538,565,592,595,574,561
525,538,565,592,595,574,561
525,538,565,592,647,574,561
525,538,565,592,647,574,561
525,538,565,592,647,574,561
525,538,565,592,647,574,561
525,538,565,592,647,574,561
525,538,565,592,647,574,561
525,538,565,592,647,574,561
525,538,565,592,647,574,561
525,538,565,592,647,574,561
525,538,565,592,647,574,561
525,538,565,592,647,574,561
525,538,565,592,647,574,561
525,538,565,592,647,574,561
525,538,565,592,647,574,561
525,538,565,592,647,574,561
525,538,565,592,647,574,561
525,538,565,592,607,574,561
525,538,565,592,607,574,561
525,538,565,592,607,574,561
525,538,565,592,607,574,561
525,538,565,592,607,574,561
566,538,565,592,607,574,561
566,538,565,592,607,574,561
566,538,565,592,607,574,561
566,538,565,592,607,574,561
566,538,565,592,607,574,561
566,538,565,592,607,574,561
566,538,565,592,607,574,561
566,538,565,592,607,574,561
566,538,565,592,607,574,561
566,538,565,592,607,574,561
566,538,565,592,607,574,561
566,538,565,592,607,574,561
566,538,565,592,607,574,561
566,538,565,592,607,574,561
566,538,565,592,607,574,561
566,538,565,592,607,574,561
566,538,565,592,607,574,561
566,538,565,592,607,574,561
566,538,565,592,607,574,561
566,538,565,592,607,574,561
566,538,565,592,607,574,561
566,538,565,592,607,574,561
566,538,565,592,607,574,561
566,538,565,592,607,574,561
566,538,565,592,607,574,561
566,538,565,592,607,574,561
566,538,565,592,607,574,561
566,538,565,592,607,574,561
566,538,565,592,607,574,561
566,538,565,592,637,574,561
566,538,565,592,637,574,561
566,538,565,592,637,574,561
566,538,565,592,637,574,561
566,538,565,592,637,574,561
566,538,565,592,637,574,561
566,538,565,592,637,574,561
507,538,565,592,637,574,561
507,538,565,592,637,574,561
507,538,565,592,637,574,561
507,538,565,592,637,574,561
507,538,565,592,637,574,561
507,538,565,592,637,574,561
507,538,565,592,637,574,561
507,538,565,592,637,574,561
507,538,565,592,637,574,561
507,538,565,592,637,574,561
507,538,565,592,605,574,561
547,538,565,592,605,574,561
547,538,565,592,605,574,561
547,538,565,592,605,574,561
547,538,565,592,605,574,561
547,538,565,592,605,574,561
547,538,565,592,605,574,561
547,538,565,592,605,574,561
547,538,565,592,605,574,561
547,538,565,592,605,574,561
547,538,565,592,605,574,561
547,538,565,592,605,574,561
547,538,565,592,605,574,561
547,538,565,592,605,574,561
547,538,565,592,605,574,561
547,538,565,592,605,574,561
547,538,565,592,605,574,561
547,538,565,592,605,574,561
547,538,565,592,605,574,561
547,538,565,592,663,574,561
547,538,565,592,663,574,561
547,538,565,592,663,574,561
547,538,565,592,663,574,561
547,538,565,592,663,574,561
547,538,565,592,663,574,561
547,538,565,592,579,574,561
547,538,565,592,579,738,561
547,538,565,592,579,738,561
547,538,565,592,579,738,561
547,538,565,592,579,738,561
547,538,565,592,579,738,561
547,538,565,592,579,738,561
547,538,565,592,579,738,561
547,538,565,592,579,584,561
547,538,565,592,579,584,561
547,538,565,592,579,584,561
547,538,565,592,579,584,561
547,538,565,592,579,584,561
547,538,565,592,592,584,561
547,538,565,592,592,584,561
547,538,565,592,592,584,561
547,538,565,592,592,584,561
504,538,565,592,592,584,561
504,538,565,592,592,584,561
504,538,565,592,592,584,561
504,538,565,592,592,584,561
504,538,565,592,608,584,561
504,538,565,592,608,584,561
504,538,565,592,608,584,561
504,538,565,592,608,584,561
504,538,565,592,608,584,561
504,538,565,592,608,584,561
504,538,565,592,608,584,561
504,538,565,592,608,584,561
504,538,565,592,608,584,561
504,538,565,592,608,584,561
504,538,565,592,608,584,561
504,538,565,592,608,584,561
504,538,565,592,608,584,561
562,538,565,592,608,584,561
562,538,565,592,608,584,561
562,538,565,592,608,584,561
562,538,565,592,608,584,561
562,538,565,592,608,584,561
562,538,565,592,608,578,561
562,538,565,592,608,578,561
562,538,565,592,608,578,561
562,538,565,592,608,578,561
562,538,565,592,608,578,561
562,538,565,592,608,578,561
562,538,565,592,608,578,561
562,538,565,592,608,578,561
562,538,565,592,608,578,561
562,538,565,592,608,578,561
702,538,565,592,608,578,561
702,538,565,592,608,578,561