928,927,1015,1088,915,971,1001
928,927,1015,1088,915,971,1001
928,927,1015,1088,982,1016,1001
928,813,1015,913,982,1016,1001
928,813,1015,913,982,1016,837
928,813,1015,913,982,1016,837
928,813,1015,913,982,1016,837
928,813,1015,913,982,1016,837
1093,813,1015,913,982,1016,837
1093,813,1015,913,982,1016,837
1093,813,1015,913,982,1016,837
1093,693,1015,913,882,877,837
1093,693,1015,913,882,877,837
1093,693,1015,671,882,877,837
1093,693,1015,671,882,877,1373
1093,693,1015,671,882,877,1373
1093,693,1015,671,882,877,1373
1093,693,1015,671,882,877,1373
1093,693,1015,671,882,877,1373
1093,693,1015,671,1247,1142,1373
1093,693,1015,1224,1247,1142,1373
1093,1377,1167,1224,1247,1142,1373
1093,1377,1167,1224,1247,1142,1373
1475,1377,1167,1224,1247,1142,1373
1475,1377,1167,1224,1247,1142,1373
1475,1377,1167,1224,1247,1142,1373
1475,1377,1468,1224,1247,1142,1373
1475,1377,1468,1224,1475,1142,1373
1475,1377,1468,1351,1475,1430,1373
1475,1377,1468,1351,1475,1430,1373
1475,1377,1468,1351,1475,1430,1373
1475,1377,1468,1351,1475,1430,1402
1475,1377,1468,1351,1475,1430,1402
1475,1377,1468,1351,1399,1430,1402
1475,1377,1468,1351,1399,1430,1402
1475,1377,1468,1351,1399,1430,1402
1475,1377,1468,1351,1399,1430,1402
1475,1377,1468,1351,1399,1430,1402
1475,1377,1468,1351,1399,1430,1402
1475,1377,1468,1351,1399,1430,1402
1475,1377,1468,1351,1399,1430,1402
1475,1377,1468,1439,1399,1430,1402
1475,1377,1468,1439,1399,1430,1402
1475,1377,1468,1439,1399,1430,1402
1475,1377,1226,1439,1399,1430,1402
1475,1377,1226,1439,1399,1430,1402
1475,1377,1226,1439,1399,1430,1402
1475,1377,1226,1439,1399,1430,1402
1475,1377,1226,1439,1399,1430,1402
1475,1377,1226,1369,1399,1430,1402
1475,1377,1226,1369,1399,1430,1402
1475,1377,1226,1369,1399,1430,1402
1432,1377,1226,1369,1399,1430,1402
1432,1377,1391,1369,1399,1430,1402
1432,1377,1391,1369,1399,1430,1402
1432,1377,1391,1369,1399,1430,1402
1432,1377,1391,1369,1399,1430,1402
1433,1377,1391,1369,1399,1430,1402
1433,1377,1391,1369,1399,1430,1402
1433,1377,1391,1369,1399,1430,1402
1433,1377,1391,1369,1399,1430,1402
1433,1377,1391,1369,1399,1430,1402
1433,1377,1391,1369,1399,1430,1402
1433,1377,1391,1369,1399,1430,1402
1433,1377,1391,1369,1399,1430,1402
1433,1377,1391,1369,1399,1430,1402
1433,1377,1391,1369,1399,1430,1402
1433,1377,1391,1369,1399,1430,1402
1433,1377,1391,1369,1399,1430,1402
1433,1377,1391,1369,1399,1430,1402
1433,1377,1391,1369,1399,1430,1402
1433,1377,1391,1356,1399,1430,1402
1388,1377,1391,1356,1399,1430,1402
1388,1377,1391,1356,1399,1430,1402
1388,1377,1391,1356,1399,1430,1402
1388,1377,1391,1356,1399,1430,1402
1388,1377,1391,1356,1399,1430,1402
1388,1377,1391,1356,1399,1430,1402
1388,1377,1391,1308,1399,1430,1402
1365,1377,1391,1308,1399,1430,1402
1365,1377,1391,1308,1340,1430,1402
1365,1377,1391,1308,1340,1430,1402
1365,1377,1391,1308,1340,1204,1402
1365,1377,1391,1308,1340,1204,1402
1365,1377,1391,1308,1340,1204,1402
1365,1377,1391,1308,1340,1204,1242
1365,1377,1391,1308,1340,1204,1242
1365,1377,1391,1308,1340,1204,1242
1365,1377,1391,1308,1340,1204,1242
1365,1377,1391,1308,1340,1204,1242
1365,1377,1391,1308,1340,1204,1242
1365,1377,1391,1308,1340,1204,1278
1365,1377,1391,1308,1340,1204,1278
1365,1377,1391,1308,1340,1204,1278
1365,1377,1391,1308,1340,1204,1278
1365,1377,1391,1308,1158,1204,1278
1365,1377,1391,1308,1158,1204,1278
1365,1377,1391,1308,1158,1204,1278
1365,1377,1391,1308,1158,1204,1278
1365,1377,1391,1308,1158,1204,1278
1365,1377,1391,1294,1158,1204,1278
1365,1377,1391,1294,1158,1375,1278
1365,1377,1391,1294,1158,1375,1278
1365,1377,1391,1294,1158,1375,1278
1365,1377,1391,1294,1158,1375,1278
1365,1377,1391,1294,1303,1375,1278
1365,1377,1391,1294,1303,1375,1278
1365,1377,1391,1294,1303,1375,1278
1365,1377,1391,1294,1303,1375,1278
1365,1377,1391,1294,1303,1375,1278
1365,1377,1391,1294,1303,1375,1278
1365,1377,1391,1294,1303,1375,1278
1365,1377,1391,1294,1317,1375,1278
1365,1377,1391,1294,1317,1375,1278
1365,1377,1391,1294,1317,1375,1278
1365,1377,1391,1294,1317,1375,1278
1365,1339,1391,1294,1317,1375,1278
1365,1339,1391,1294,1317,1375,1278
1365,1339,1391,1294,1317,1375,1278
1365,1339,1391,1294,1317,1375,1278
1365,1339,1391,1294,1317,1375,1278
1365,1339,1391,1294,1317,1375,1278
1365,1339,1391,1294,1317,1375,1347
1365,1339,1391,1294,1317,1375,1347
1364,1368,1391,1294,1317,1375,1347
1364,1368,1391,1294,1317,1375,1347
1364,1368,1391,1294,1317,1375,1347
1364,1368,1391,1294,1317,1375,1347
1364,1368,1391,1294,1317,1375,1347
1482,1368,1391,1294,1317,1375,1347
1482,1368,1391,1294,1317,1375,1347
1482,1368,1391,1294,1317,1496,1347
1482,1368,1391,1294,1317,1496,1347
1482,1368,1391,1294,1317,1496,1347
1482,1368,1391,1294,1317,1496,1347
1482,1368,1391,1294,1317,1496,1347
1482,1447,1391,1294,1317,1496,1347
1482,1447,1391,1294,1333,1496,1347
1482,1447,1391,1294,1333,1496,1360
1482,1447,1391,1294,1333,1496,1360
1482,1447,1391,1294,1333,1496,1360
1482,1447,1391,1294,1333,1496,1360
1482,1447,1391,1294,1333,1496,1360
1482,1447,1391,1294,1333,1496,1360
1482,1447,1391,1294,1333,1496,1360
1482,1447,1391,1294,1333,1496,1360
1482,1447,1391,1294,1333,1222,1360
1482,1447,1391,1294,1333,1222,1360
1482,1447,1391,1294,1333,1222,688
1482,1447,1391,1294,1333,1222,688
1482,1447,1391,1294,1333,1222,688
1482,1447,1391,1294,1333,1222,688
1482,1447,1391,1294,1333,1222,688
1482,1447,1391,1294,1333,1222,688
1482,1447,1391,1294,1333,1222,688
1482,1447,1391,1294,1333,1222,688
1482,1447,1391,1294,1333,1222,688
1492,1447,1391,1294,1333,1222,688
1492,1447,1391,1294,1333,1394,688
1492,1339,1391,1294,1333,1394,688
1492,1339,1391,1294,1333,1394,688
1492,1339,1391,1294,1333,1394,688
1492,1339,1391,1294,1333,1394,474
1492,1339,1391,1294,1333,1394,474
1492,1339,1391,1294,1333,1394,474
1492,1339,1391,1294,1333,1394,474
1492,1339,1391,1294,1356,1394,474
1492,1339,1391,1294,1356,1394,474
1492,1339,1391,1294,1356,1394,474
1492,1339,1391,1294,1356,1394,474
1492,1339,1391,1294,1356,1394,474
1492,1339,1391,1294,1356,1394,474
1492,1339,1391,1294,1356,1394,474
1492,1339,1391,1294,1356,1394,474
1492,1339,1391,1294,1356,1394,474
1366,1339,1391,1294,1356,1394,474
1366,1339,1391,1294,1164,1394,474
1366,1339,1391,1294,1164,1394,474
1366,1339,1391,1294,1164,1394,474
1366,1339,1391,1294,1164,1394,474
1366,1339,1391,1294,1164,1394,1109
1366,1339,1391,1294,1164,1394,1109
1366,1339,1391,1294,1164,1394,1109
1366,1339,1391,1294,1164,1394,1109
1366,1339,1391,1294,1164,1394,1109
1366,1339,1391,1294,1164,1394,1109
1366,1339,1391,1294,1164,1394,1109
1366,1339,1391,1294,1164,1394,1230
1366,1339,1391,1294,1374,1394,1230
1366,1339,1391,1294,1374,1394,1230
1366,1339,1391,1294,1374,1394,1230
1366,1339,1391,1294,1374,1394,1230
1366,1339,1391,1294,1374,1394,1230
1366,1339,1391,699,1374,1394,1230
1366,1339,1391,699,1374,1394,1230
1366,1339,1391,699,1328,1394,1230
1366,1339,1391,699,1328,1394,1230
1366,1339,1391,699,1328,1394,1230
1366,1339,1391,699,1328,1394,1230
1366,1339,1391,699,1328,1394,1230
1366,1339,1391,699,1328,691,1102
1366,1339,1391,699,1328,691,1102
1366,1339,1391,673,1328,691,1102
1366,1339,1391,673,1328,691,1102
1366,1339,1391,673,1328,691,1102
1366,1339,1391,673,1328,691,1102
1366,1339,1391,673,1328,691,1102
1366,1339,1391,673,1328,691,1195
1366,1339,1391,673,1328,691,1195
1366,1339,1391,673,1328,691,1195
1366,1339,1391,673,1328,637,1195
1366,1339,1391,636,1328,637,1195
1366,1266,1391,636,1328,637,1195
1366,1266,1391,636,1328,637,1195
1270,1266,1391,636,1328,637,1195
1270,1266,1391,636,1328,637,1195
1270,1266,1391,636,1328,1200,1195
1270,1266,1391,636,1328,1200,1195
1270,1266,1391,1140,1328,1200,1195
1254,1266,1391,1140,1328,1200,1195
1254,1266,1150,1140,1328,1200,1195
1254,1266,1150,1140,1328,1200,1160
1254,1266,1150,1140,1328,1200,1160
1254,1266,1150,1140,1328,1200,1160
1254,1266,1150,1140,1328,1200,1160
1254,1266,1150,1140,1328,1200,1160
1254,1266,1150,1140,1328,1200,1160
1254,1266,1150,1140,1328,1180,1160
1254,1266,1150,1140,1171,1180,1160
1254,1266,1242,1140,1171,1180,1160
1254,1266,1242,1140,1171,1180,1160
1254,1266,1242,1140,1171,1180,1160
1254,1266,1242,1140,1171,1180,1160
1254,1266,1242,1140,1171,1180,1160
1254,1266,1242,1207,1171,1180,1160
1254,1266,1242,1207,1171,1180,1160
1254,1266,1242,1207,1171,1180,1160
1254,1266,1242,1207,1171,1215,1160
1254,1266,1242,1207,1171,1215,1160
1254,1266,1200,1207,1171,1215,1160
1254,1266,1200,1207,1171,1215,1160
1254,1266,1200,1207,1171,1215,1160
1254,1210,1200,1181,1171,1215,1160
1254,1210,1200,1181,1171,1215,1160
1254,1210,1200,1181,1171,1215,1160
1254,1210,1200,1181,1171,1215,1163
1254,1210,1200,1181,1171,1215,1163
1254,1210,1200,1181,1171,1215,1163
1254,1210,1200,1181,1171,1215,1163
1254,1210,1200,1181,1171,1215,1163
1254,1210,1200,1181,629,1215,1163
1254,1210,1200,1181,629,1215,1163
1254,1210,1200,1181,629,1215,1163
1254,1210,1200,1181,629,1215,1163
1254,1210,1200,1181,629,1215,1163
1254,1210,1200,1181,629,1215,1163
1254,1210,1200,1181,629,1215,1163
1254,1210,1200,1181,629,1215,1163
1254,1210,1200,1181,629,1215,1157
1254,1210,1200,1181,1216,1215,1157
1254,1210,1200,1181,1216,1215,1157
1254,1210,1200,1181,1216,1215,1157
1254,1210,1200,1143,1216,1215,1157
1254,1210,1200,1143,1216,1215,1157
1254,1210,1200,1143,1216,1215,1157
1254,1210,1200,1143,1216,1215,1157
1254,1210,1200,1143,1216,1215,1157
1254,1210,1200,1143,1216,1215,1157
1254,1210,1200,1143,1216,1215,1157
1254,1210,1200,1143,1216,1215,1157
1254,1210,1200,1143,1216,1215,1157
1254,1210,1200,1143,1216,1215,1157
1254,1210,1200,1143,1216,1215,1157
1254,1210,1200,1143,1216,1215,1157
1254,1210,1200,1143,1216,1215,1157
1254,1210,1200,1143,1216,1215,1157
1254,1210,723,1143,1216,1215,1157
1254,1210,723,1143,1216,1215,1157
1254,1210,723,1143,1216,1215,1157
1254,1210,723,1143,1216,1215,1157
1254,1210,723,1143,1216,1215,1157
1254,1210,723,1143,1066,1215,1157
1254,1210,723,1143,1066,1215,1157
1254,1210,723,1143,1066,1215,1168
1254,1210,723,1143,1066,1215,1168
1254,1210,723,1143,1066,1215,1168
1254,1210,723,1143,1066,1215,1168
1254,1210,723,1143,1066,1215,1168
1254,1210,1158,1143,1188,1215,1168
1228,1210,1158,1143,1188,1215,1168
1228,1210,1158,1143,1188,1215,1168
1228,1210,1158,1143,1188,1215,1168
1228,1210,1158,1143,1188,1215,1168
1228,1210,1158,1143,1188,1215,1168
1220,1210,1158,1143,1188,1215,1168
1220,1210,1158,1143,1188,1215,1168
1220,1210,1158,1143,1188,1215,1168
1220,1210,1158,1143,1188,1215,1168
1220,1210,1158,1143,1188,1215,1168
1220,1210,492,1143,1188,1215,1168
1220,1210,492,1143,1188,1215,1168
1220,1210,492,1143,1188,1215,1168
1220,1210,492,1143,1188,1215,1168
1220,1210,492,1143,1188,1215,1168
1220,1210,492,1143,1188,1215,1168
1220,1210,492,1143,1188,1215,1168
1220,1210,492,1143,1155,1215,1168
1220,1210,492,1143,1155,1215,1168
1220,1210,1170,1143,1155,1215,1168
1220,1210,1170,1143,1155,1215,1168
1220,1210,1170,1143,1155,1215,1168
1220,1210,1170,1143,1155,1215,1168
1220,1210,1170,1143,1155,1215,1168
1220,1210,1170,1143,1155,1215,1168
1220,1210,1170,1143,1155,1215,1168
1220,1210,1170,1143,1155,1215,1202
1220,1210,1170,1143,1155,1215,1202
1220,1210,1170,1143,1155,1215,1202
1220,1210,1170,1143,1155,1215,1202
1220,1210,1170,1143,1155,1215,1202
1220,1210,1170,1143,1155,1215,1202
1220,1210,1170,1143,1155,1215,1202
1220,1210,1170,1143,1155,1215,1202
1220,1210,1170,1143,1155,1215,1202
1220,1210,1170,1143,1155,1215,1202
1220,1210,1170,1143,1155,1215,635
1220,1210,1170,1143,1155,1215,635
1220,1210,1170,1143,1155,1215,635
1220,1210,1170,1143,1155,1215,635
1220,1210,1170,1143,1155,1215,635
1220,1210,1170,1143,1155,1215,635
422,1210,1170,1143,1155,1215,635
422,1210,1170,1143,1155,1215,635
422,1210,1170,1143,1155,1215,635
422,1210,1170,1143,1155,1215,339
422,1210,1170,1143,1155,1215,339
422,1210,1170,1143,1155,1215,339
422,1210,1170,1143,1155,1215,339
422,1210,1170,1143,1155,1215,339
422,1210,1170,1143,1173,1215,339
716,1210,1170,1143,1173,1215,339
716,1210,1170,1143,1173,1215,339
716,1210,1170,1199,1173,1215,339
716,1210,1170,1199,1173,1215,339
716,1210,1170,1199,1173,1215,339
716,1210,1170,1199,1173,1215,339
1195,1210,1170,1199,1173,1215,339
1195,1210,1170,1199,1173,1215,431
1195,1210,1170,1199,1173,1215,431
1195,1210,1170,1199,1173,1215,431
1195,1210,1170,1199,1173,1215,431
1195,1210,1170,1199,1173,1215,431
1195,1210,1246,1199,1173,1215,431
1195,1210,1246,1199,1173,1215,431
1195,1210,1246,1199,1173,1215,431
1195,1210,1246,1199,1151,1215,431
1195,1210,1246,1199,1151,1215,431
1195,1210,1246,1199,1151,1215,431
1195,1210,1246,1199,1151,1215,431
1195,1210,1246,1199,1151,1215,431
1195,1210,1246,1199,1151,1215,431
1233,1210,1246,1199,1151,1215,431
1233,1210,1246,1199,1151,1215,431
1233,1210,1246,1199,1151,1215,431
1233,1210,1246,1199,1151,1215,431
1233,1210,1246,1199,1151,1215,431
1233,1210,1246,1199,1151,1215,431
1233,1210,1246,1199,1151,1215,431
1233,1210,1246,1199,1151,1215,431
1233,1210,1246,1199,1151,1215,431
1233,1210,1246,1199,1185,1215,431
1233,1210,1246,1199,1185,1215,431
1233,1210,1246,1199,1185,1215,431
1233,1210,1246,1199,1185,1215,431
1233,1210,1246,1199,1185,1215,431
1233,1210,1246,1199,1185,1215,431
1233,1210,1246,1199,1185,1215,431
1233,1210,1246,1199,1185,1262,431
1233,1210,1246,1199,1185,1262,431
1233,1210,1246,1199,1185,1262,431
1233,1210,1246,1199,1185,1262,431
1233,314,1246,1199,1185,1262,431
1233,314,339,1199,1185,1262,431
1233,314,339,1199,1185,1262,431
1233,314,339,1199,1185,1262,431
1233,314,339,1199,1185,1262,431
1233,314,339,1199,1185,1262,1304
1233,314,339,1199,1185,1262,1304
1233,314,339,1199,1185,1262,1304
1233,314,339,1199,1185,1262,1304
1170,314,339,1199,1185,1262,1304
1170,314,339,1199,1185,1266,1304
1170,314,339,1199,1036,1266,1304
1170,314,339,1199,1036,1266,1304
1170,314,339,1199,1036,1266,1304
1170,314,339,430,1036,1266,1304
1170,314,339,430,1036,1266,1304
1170,314,339,430,1036,1266,1304
1170,314,339,430,1036,1266,1304
1170,314,339,430,1036,1266,1304
915,314,339,430,1036,1266,1304
915,314,339,430,1036,1266,1304
915,314,339,430,1036,1266,1304
915,314,339,430,1036,1266,1304
915,314,339,430,1212,1266,1304
349,314,339,430,1212,1266,1304
349,314,339,430,1212,1266,1304
349,314,339,430,1212,1266,1304
349,314,339,430,1212,1266,1304
349,314,339,430,1212,1266,1110
349,314,339,430,1212,1266,1110
349,314,339,430,1212,1266,1110
349,314,339,430,1212,1266,1110
349,356,339,430,1212,1266,1110
349,356,339,430,1212,1266,1110
349,356,339,430,1212,1266,1110
349,356,339,430,1212,1266,1110
349,356,339,430,1212,352,1110
349,356,339,430,1212,352,1110
349,356,339,430,1212,352,1110
349,356,339,430,1212,352,1110
349,356,339,430,1212,352,1110
349,356,339,430,1212,352,1110
349,356,339,430,1212,352,1110
349,356,339,430,1212,352,1110
349,356,339,430,1212,352,1110
349,356,339,430,1212,352,1110
349,356,339,430,1212,352,889
349,356,339,430,1212,352,889
349,356,339,430,1212,352,889
349,356,339,430,1212,352,889
349,356,339,430,1212,352,889
349,356,339,430,1212,352,889
349,356,339,430,1212,352,889
349,356,339,430,1212,352,889
349,356,339,430,1212,352,889
349,356,339,430,1212,352,889
349,356,339,430,1212,352,889
349,356,339,430,1212,352,889
349,356,339,430,1216,352,889
349,356,339,430,1216,352,889
349,356,339,430,1216,352,889
349,356,339,430,1216,352,889
349,356,339,430,1216,352,889
349,568,1003,430,1216,352,889
349,568,1003,430,1216,352,889
349,568,1003,430,1216,352,651
349,568,1003,430,1216,352,651
349,568,1003,430,1216,352,651
349,568,1003,430,1216,352,651
349,568,1003,430,1216,352,651
349,568,1003,430,1216,352,651
349,1446,1003,430,1216,352,651
349,1446,1003,430,399,352,771
349,1446,1003,430,399,352,771
349,1446,1003,430,399,352,771
349,1446,891,430,399,352,771
349,1446,891,430,399,352,771
349,1446,891,1379,399,352,771
349,1446,891,1379,399,352,771
349,1446,891,1379,399,352,771
349,1446,891,1379,399,352,771
349,1446,891,1379,399,352,771
349,1446,891,1379,399,352,771
349,1446,1256,1379,399,352,1381
349,1446,1256,1379,399,352,1381
349,1446,1256,1379,399,352,1381
349,1446,1256,1379,399,406,1381
349,1446,1256,1379,399,406,1381
349,1446,1256,1379,399,406,1381
439,1446,1256,1379,399,406,1381
439,1446,1256,1379,399,406,1381
439,1446,1256,1379,399,406,1381
439,1446,1256,1379,399,406,1381
439,1446,1256,1379,399,406,1381
439,1446,1256,1379,399,406,1381
439,1446,1256,1379,399,406,1381
439,1446,1256,1379,399,1376,1381
439,1446,1151,1379,399,1376,1381
439,1446,1151,1379,399,1376,1381
439,1446,1151,1379,399,1376,1381
439,1446,1151,1379,399,1376,1381
439,1446,1151,1379,399,1376,1381
439,1446,1151,1379,399,1376,1381
439,1446,1151,1379,399,1376,1381
483,1446,1151,1379,399,1376,1381
483,1446,1151,1379,399,1376,1381
483,1446,593,1379,399,1376,796
483,1446,593,1379,399,1376,796
483,1446,593,1379,399,1376,796
483,1446,593,1379,399,1376,796
483,1446,593,1379,399,1485,796
483,1446,593,1379,399,1485,796
483,1446,593,1379,399,1485,796
483,1446,593,1379,399,1485,796
483,1446,593,1379,399,1485,796
528,1446,593,1379,399,1485,796
528,1446,593,1379,399,1485,796
528,1446,593,1379,399,1485,796
528,1446,593,1379,399,1485,796
528,1446,593,1379,399,599,796
528,1446,1463,1379,399,599,796
528,1446,1463,1379,399,599,796
528,1446,1463,1379,399,599,796
528,1446,1463,1379,399,599,796
1427,1446,1463,1379,473,599,796
1427,1446,1463,1379,473,599,796
1427,1446,1463,1379,473,599,796
1427,1446,1463,1379,473,599,796
1427,1446,1463,1379,473,599,796
1427,1446,1463,1379,473,599,796
1427,1446,1463,1379,473,599,796
1427,1446,1463,1379,473,599,796
1427,1446,1463,1379,473,599,796
1427,1446,1463,1430,473,599,796
1481,1446,703,1430,473,599,796
1481,1446,703,1430,473,599,796
1481,1446,703,1430,473,599,796
1481,1446,703,1430,473,599,796
1481,1446,703,1430,473,599,796
1481,1446,703,1430,473,599,796
1481,1446,703,1430,473,599,796
1481,1446,703,1430,473,599,796
1481,1446,703,1430,520,599,796
1481,1446,703,1430,520,599,796
1481,1446,703,1430,520,599,796
1481,1446,703,1430,520,599,796
1481,1446,770,1430,520,599,796
1481,1446,770,1430,520,599,796
1524,1446,770,1430,520,599,796
1524,1446,770,1430,520,599,796
1524,1446,770,1430,520,599,796
1524,1446,770,1430,520,599,796
1524,1446,770,1430,520,599,796
1524,1446,770,1430,520,1481,796
1524,787,770,1430,520,1481,796
1524,787,770,1426,520,1481,796
1524,787,770,1426,520,1481,796
1524,787,770,1426,520,1481,796
1524,787,770,1426,520,1481,796
1530,787,770,1426,520,1481,796
1530,787,770,1426,520,1481,796
1530,787,770,1426,520,1481,796
1530,787,770,1426,520,1481,796
1530,787,770,1426,587,1481,796
1530,787,770,1426,587,1481,796
1530,787,770,1426,587,1481,796
1530,787,770,1426,587,1481,796
1530,787,770,1426,587,1481,796
1530,737,770,1426,587,1481,796
1530,737,770,1426,587,1481,796
755,737,1435,1142,587,1481,796
755,737,1435,1142,587,1481,1202
755,737,1435,1142,587,1481,1202
755,737,1435,1142,587,1481,1202
755,737,1435,1142,587,1481,1202
755,737,1435,1142,587,743,1202
755,737,1435,1142,587,743,1202
755,737,1435,1142,587,743,1202
755,737,1435,1142,587,743,1202
755,737,1435,675,587,743,1202
755,737,1435,675,587,743,1202
755,737,1435,675,1443,743,1202
755,737,1435,675,1443,743,1202
755,737,1435,675,1443,743,1202
755,737,1435,675,1443,743,1202
755,737,1435,675,1443,743,1202
755,737,1435,675,1443,743,1202
755,737,1435,675,1443,743,1202
755,737,1435,675,1443,743,1202
755,737,1435,675,1443,743,1202
755,737,1435,675,1443,743,1202
755,737,1435,675,1443,743,1202
814,737,1435,675,1443,743,1202
814,737,1435,675,1443,743,1202
814,737,738,675,1443,743,1202
814,737,738,675,1443,743,1202
814,737,738,675,1443,743,1202
814,737,738,675,1443,743,1202
814,737,738,675,1443,743,1202
814,737,738,675,1443,743,1202
774,737,738,675,1443,743,1202
774,737,738,675,1443,743,1202
774,737,738,675,1443,743,1202
774,737,738,675,1443,743,1202
774,737,738,675,1443,743,1202
774,737,738,675,1443,743,1202
774,737,738,675,1443,743,1202
774,737,738,675,684,743,1202
774,737,738,675,684,743,1202
774,737,738,675,684,743,1150
774,737,738,675,684,743,1150
774,737,738,675,684,743,1150
774,737,738,675,684,743,1150
774,737,738,675,684,743,1150
1477,737,738,675,684,743,1150
1477,737,738,675,684,743,1150
1477,737,738,675,684,743,776
1477,737,738,675,684,743,776
1477,737,738,675,684,743,776
1477,737,738,675,684,743,776
1477,737,738,675,684,743,776
1429,737,738,675,684,743,776
1429,737,738,675,684,743,776
1429,737,738,675,684,743,776
1429,737,738,675,718,743,776
1429,737,738,675,718,743,776
1429,737,1300,675,718,743,1184
1429,737,1300,675,718,743,1184
1429,737,1300,675,718,743,1184
1429,737,1300,675,718,743,1184
1429,737,1300,675,718,743,1184
1429,737,1300,675,718,743,1184
1429,737,1300,675,718,743,1184
1429,737,1300,675,718,743,1184
1387,737,1300,675,718,743,1184
1387,737,1300,675,718,743,1184
1387,737,1300,675,718,743,1184
1387,737,1300,675,718,743,1184
1387,1237,1300,675,718,743,1184
1387,1237,1300,675,718,743,1184
1387,1237,1300,675,718,743,1184
1387,1237,1300,1186,718,743,1184
1387,1237,1300,1186,718,743,1184
1387,1237,1300,1186,718,743,1184
1387,1237,1300,1186,718,743,1184
1387,1237,1300,1186,718,743,1184
1387,1237,1094,1186,718,743,1184
1387,1237,1094,1186,718,743,1184
1387,1237,1094,1186,718,743,818
1387,1237,1094,1186,718,743,818
1387,1237,1094,1186,718,743,818
1387,1237,1094,1186,718,743,818
1348,1237,1094,1186,718,743,818
1348,1237,1094,1186,718,743,818
1348,1237,702,1186,667,743,818
1348,1237,702,1186,667,743,818
1348,1237,702,1186,667,743,818
1348,1237,702,1186,667,743,818
1348,1237,702,1186,667,743,818
786,1237,702,1186,667,743,818
786,1237,702,1186,667,1301,818
786,1237,702,1186,667,1301,818
786,1237,702,1186,667,1301,818
786,1237,702,1186,667,1301,818
786,1237,702,1186,667,1301,818
786,1237,702,1186,667,1301,818
786,1237,702,1186,667,1301,818
713,1237,702,1186,667,1301,818
713,1237,702,1186,667,1301,818
713,1237,702,1186,667,1301,818
713,1237,702,1186,667,1301,818
713,1237,702,1186,667,1301,818
713,1237,702,1186,667,1301,818
713,1237,1262,1186,667,1301,818
713,1237,1262,1186,667,1301,818
713,1237,1262,1186,679,1301,818
713,1237,1262,1186,679,1301,818
713,1237,1262,1186,679,1301,818
713,1237,1262,1186,679,1301,818
713,1237,1262,1186,679,1301,818
713,1237,1262,1186,679,1301,818
713,1237,1262,1186,679,1301,818
713,1237,1262,1186,679,1301,818
713,1237,1262,1186,679,1301,818
713,1237,1262,1186,679,1301,818
713,1237,1262,1186,679,1301,818
713,1237,1262,1186,679,1301,818
713,1237,1262,1186,679,1301,818
713,1237,1262,1186,679,1301,818
713,1237,1262,1186,679,1301,818
713,1237,1262,1186,679,1301,818
713,1237,1262,1186,679,1301,818
713,1237,1262,1186,679,1301,818
713,1237,1262,1186,679,1301,818
713,1237,1262,1186,679,1301,818
713,1237,1262,1186,679,1301,818
713,1237,1262,1186,679,1301,818
713,1237,1262,1186,679,1301,818
713,1237,1262,1186,679,1301,818
1242,674,1262,1186,679,1261,818
1242,674,1262,1186,679,1261,818
1242,674,1262,1186,679,1261,818
1242,674,1262,1186,679,1261,818
1242,674,1262,1186,679,1261,818
1242,674,1262,1186,679,1261,818
1242,741,1262,1186,679,1261,818
1242,741,1262,1186,679,1261,818
1242,741,1262,1186,679,1261,818
1242,741,1262,1186,679,1261,818
1242,741,1262,1186,679,1261,818
1242,741,1262,1186,679,1261,818
1242,741,1262,1186,679,1261,818
1242,741,1262,1186,679,1261,818
1242,741,1262,1186,679,1261,818
1242,741,1262,1186,1245,1261,818
1242,741,876,1186,1245,1261,818
1242,741,876,1186,1245,1261,818
1225,741,876,1186,1245,1261,818
1225,741,876,1186,1245,720,818
1225,741,876,1186,1245,720,818
1225,741,876,1186,1245,720,818
1225,741,876,1186,1245,720,818
1225,741,876,1186,1245,720,818
1225,741,876,1186,1245,720,1198
1225,741,724,1186,1245,720,1198
1225,741,724,1186,1245,720,1198
1225,741,724,1186,1245,720,1198
1225,741,724,1186,1245,720,1198
1225,741,724,1186,1245,720,1198
1211,741,724,1186,1245,720,1198
1211,741,724,1186,1245,720,1198
1211,741,724,1186,1245,720,1198
1211,741,724,1186,1245,720,1198
1211,741,724,1186,1245,720,1198
1234,741,724,1186,1245,720,1198
1234,741,724,1186,1245,720,1198
1234,741,724,1186,1245,720,1198
1234,741,724,1186,1245,720,1198
1234,741,724,1186,1245,720,1198
1234,741,862,1186,1245,720,1198
1234,741,862,1186,1245,720,1198
1234,741,862,1186,1245,720,1198
1234,741,862,1186,1245,720,1198
1234,741,862,1186,1245,720,1198
1234,741,862,1186,1245,720,1198
1234,741,862,1186,1245,720,1198
1234,741,862,1186,1245,720,1198
1234,741,862,1186,1245,720,1198
1234,741,862,1186,1245,720,1198
1234,741,794,1186,1245,720,1198
1234,741,794,1186,1245,720,1198
740,741,794,1186,1245,720,1198
740,741,794,1186,1245,720,1198
740,741,794,1186,1199,720,1198
740,741,794,1186,1199,720,1198
740,741,794,1186,1199,720,1198
740,741,794,1186,1199,720,1198
740,741,794,1186,1199,720,1198
740,741,794,1186,1199,720,1198
740,741,794,1186,1199,720,1198
740,741,794,1186,1199,720,1198
740,741,794,1186,1199,720,1198
740,741,794,1186,1199,720,1198
740,741,794,1186,1199,720,1198
740,741,794,1186,1199,720,1198
740,741,794,1186,1199,720,1198
740,741,794,1186,1215,720,1198
740,741,794,1186,1215,720,1198
740,741,794,1186,1215,720,1198
740,741,794,1186,1215,720,1198
740,741,794,1186,1215,720,1198
740,741,794,1186,1215,720,1198
740,741,794,1186,1215,720,1198
740,741,794,1186,1215,720,1198
740,741,794,1186,1215,720,1198
740,741,794,1186,1215,720,1198
740,741,794,1186,1431,720,1198
740,741,794,1186,1431,720,1198
740,741,794,1186,1431,720,1198
740,741,794,1186,1431,720,1198
740,741,794,1186,1431,720,1198
740,741,794,1186,1431,720,1198
740,741,794,1186,1431,720,1198
740,741,794,1186,1431,720,1198
740,741,794,714,1431,720,1198
740,741,794,714,1431,720,1198
740,741,794,714,1431,720,814
740,741,794,714,1431,720,814
740,741,794,714,1431,720,814
740,741,794,714,1431,720,814
740,741,794,714,1431,720,814
740,741,794,714,1193,720,814
740,741,794,714,1193,720,814
740,741,794,714,1193,720,814
740,741,794,714,1193,720,814
740,741,794,714,1193,720,814
740,741,794,714,1193,720,814
740,741,794,714,1193,720,752
740,741,794,714,1193,720,752
740,741,794,714,1193,720,752
748,741,785,714,1193,720,752
748,741,785,714,1193,720,752
748,741,785,714,1193,720,752
748,1239,785,714,1193,720,752
748,1239,785,714,1193,720,752
793,1239,785,714,1193,720,752
793,1239,785,714,1193,720,752
793,1239,785,714,1140,720,752
793,1239,785,714,1140,720,752
793,1239,785,714,1140,720,752
793,1239,1239,714,1140,720,752
793,1239,1239,714,1140,720,752
793,1239,1239,714,1140,720,752
793,1239,1239,714,1140,720,752
793,1239,1239,714,1140,720,752
793,1239,1239,714,1140,720,752
793,1239,1239,714,1140,720,752
793,1239,1239,714,1140,720,752
793,1239,1239,714,1140,720,752
793,1239,1239,714,1140,720,752
793,1239,1239,714,1140,720,752
793,1239,1239,714,669,720,752
793,1239,1239,714,669,720,752
793,1239,808,714,669,720,752
793,1239,808,714,669,720,752
793,1239,808,714,669,720,752
793,1239,808,714,669,1247,752
793,1239,808,714,669,1247,752
793,1239,808,714,669,1247,752
793,1239,808,714,669,1247,752
793,794,808,714,669,1247,752
793,794,808,714,669,1247,752
793,794,808,714,669,1247,752
793,794,808,714,669,1247,752
793,794,808,714,669,1247,752
793,794,808,714,669,1247,752
793,794,808,714,669,1247,752
793,794,808,714,669,1247,752
793,794,808,714,669,1247,752
793,794,808,714,669,1247,752
793,794,808,714,669,1247,752
793,794,808,714,669,1247,752
793,794,808,714,669,1247,752
793,794,808,714,669,1247,752
793,794,808,714,669,1247,752
793,794,808,714,669,1247,752
793,794,808,714,669,1247,752
793,794,808,714,669,1247,752
793,794,808,714,669,1247,752
793,794,808,714,669,1247,752
793,794,808,714,669,1247,752
793,794,808,714,669,1247,752
1269,794,808,714,669,1247,752
1269,794,808,714,669,1247,752
1269,794,808,1196,669,1247,752
1269,794,808,1196,669,1247,752
1269,794,808,1196,669,1247,752
1269,794,808,1196,669,1247,752
1269,794,808,1196,669,1247,752
1269,794,808,1196,669,1247,752
1269,794,808,1196,669,1247,752
1269,794,808,1196,669,1247,752
1269,794,808,1196,669,1247,752
1269,794,808,1196,669,1247,752
1269,794,808,1196,669,1247,752
1269,794,808,1196,669,1247,752
1269,794,808,1196,669,1247,752
1269,794,808,1196,669,1247,752
1269,794,808,1196,669,1247,752
1269,794,808,1196,669,1247,752
1269,794,808,1196,669,1247,752
1269,794,808,1196,669,1247,752
1269,794,808,1196,669,1247,752
1269,794,808,1196,669,1247,752
1269,794,808,1196,669,1247,752
1269,794,808,1196,669,1247,752
791,794,808,1196,669,1247,752
791,794,808,1196,669,1247,752
791,794,808,1196,669,1247,752
791,794,808,1196,669,1247,752
791,794,808,1196,669,1247,752
791,794,808,1196,669,1247,752
791,794,808,1196,669,1247,752
791,794,808,1196,713,1247,752
791,794,808,1196,713,1247,752
791,794,808,1196,713,1247,752
791,794,808,1196,713,1247,752
791,794,808,1196,713,1247,752
791,794,808,1196,713,1247,752
791,794,808,1196,713,1247,752
791,794,808,1196,713,1247,752
791,794,808,1196,713,1247,752
791,794,808,1196,713,1247,752
791,794,808,1196,713,1247,752
791,794,808,1196,713,1247,752
791,794,808,1196,713,1247,752
791,794,808,1196,713,1247,752
791,794,808,1196,713,1247,752
791,794,808,1196,713,1247,752
791,794,808,1196,713,1247,752
791,794,808,1196,713,1247,752
791,794,808,1196,713,1247,752
791,794,808,1196,713,1247,752
791,794,808,1196,713,1247,752
791,794,808,1196,713,1247,752
791,794,808,1196,713,1247,752
791,794,808,1196,713,1247,752
791,794,808,1196,713,1247,752
791,794,808,1196,713,1247,752
791,794,808,1196,713,1247,752
791,794,808,1196,713,1247,752
791,794,808,1196,713,1247,752
791,794,808,1196,713,1247,752
791,794,808,1196,713,1247,752
791,794,808,1196,713,1247,752
791,794,808,1196,713,1247,752
791,794,808,1196,713,1247,752
791,794,808,1196,713,1247,1208
791,794,808,1196,713,1247,1208
791,794,808,1196,713,1247,1208
791,794,808,1196,713,1247,1208
798,794,808,1196,713,1247,1208
798,794,808,1196,713,1247,1208
798,794,808,1196,713,1247,1208
798,794,808,1196,713,1247,1208
798,794,808,1196,713,1247,1208
787,794,808,1196,713,1247,1208
787,794,808,1196,713,1247,1208
787,794,808,1196,713,1247,1208
787,794,808,1196,713,1247,1208
787,794,808,1196,713,1247,1208
787,1247,808,1196,713,1247,1208
787,1247,808,1196,713,1247,1208
787,1247,808,1196,713,1247,1208
787,1247,808,1196,713,1247,1208
787,1247,808,1196,713,1247,1208
787,1247,808,1196,713,1247,1208
787,1247,808,1196,713,1247,1208
787,1247,808,1196,713,1247,1208
787,1247,808,1196,713,1247,1208
787,1247,808,1196,713,1247,1208
787,1247,808,1196,713,1247,1208
787,1247,808,1196,713,1247,1208
787,1247,808,1196,713,1247,1208
787,1247,808,1196,713,1247,1208
787,1247,808,1196,713,1247,1208
787,1247,808,1196,713,1247,1208
787,1247,808,1196,713,1247,1208
787,1247,808,1196,713,1247,1208
787,1247,808,1196,713,1247,1208
787,1247,987,1196,713,1247,1208
787,1247,987,1196,713,1247,1208
787,1247,987,1196,713,1247,1208
787,1247,987,710,713,1247,1208
787,1247,987,710,713,803,1208
787,1247,987,710,713,803,1208
787,1247,987,710,713,803,1209
787,1247,1298,710,713,803,1209
787,1247,1298,710,713,803,1209
787,1247,1298,710,713,803,1209
787,1247,1298,715,713,803,1209
787,788,1298,715,713,803,1209
787,788,1298,715,713,803,1209
787,788,1298,715,713,803,1209
787,788,1298,715,713,803,1209
787,788,1298,715,713,803,1209
787,788,1298,715,713,803,1209
787,796,1298,723,1212,803,1209
787,796,1298,723,1212,803,1209
787,796,1298,723,1212,803,1209
787,796,1298,723,1212,803,1209
787,796,1298,723,1212,803,1209
787,796,1298,723,1212,803,1209
787,796,1298,723,1212,803,1209
787,796,1298,723,1212,803,1209
787,796,1298,723,1212,803,1209
787,796,1298,723,1212,803,1209
787,796,1298,723,1212,803,1209
787,796,1298,723,1212,803,1209
1279,796,1298,723,1212,803,1209
1279,796,1298,723,1212,803,1209
1279,809,1298,723,1212,803,1209
1279,809,1298,723,1212,803,1209
1279,809,1298,723,1212,803,1209
1279,809,1298,723,1212,803,1209
1279,809,1298,1199,1212,803,1209
1279,809,1298,1199,1212,803,1209
1279,809,1298,1199,1212,803,1209
1279,809,1298,1199,1212,803,1209
1279,809,1298,1199,1212,803,1209
1279,809,1298,1199,1212,803,1209
1279,809,873,1199,1212,803,1209
1279,841,873,1199,1212,803,1209
1279,841,873,1199,1212,803,1209
1279,841,873,1199,1212,803,1209
1279,841,873,1199,1212,803,1209
1279,841,873,1199,1212,803,840
1279,841,873,1199,1212,803,840
1279,780,873,1199,1212,803,840
1279,780,873,1199,1212,803,840
1279,780,873,1199,1212,803,840
1279,780,873,1199,1212,803,840
1279,780,873,1199,1212,803,840
1279,780,810,1199,1212,803,840
1279,780,810,1199,1212,803,840
1279,778,810,1199,1212,803,840
1279,778,810,1199,1212,803,840
1279,778,810,1199,1212,803,840
1279,778,810,1199,1212,803,840
1279,778,810,1199,1212,803,840
925,778,810,1199,1212,803,840
925,778,810,1199,1212,803,840
925,778,810,1199,1212,803,840
925,782,810,1199,1212,803,840
925,782,810,1199,1212,803,840
925,782,810,1199,1212,803,840
1266,782,810,1199,1212,803,840
1266,782,810,1199,1212,803,840
1266,782,810,1199,1212,803,840
1266,782,810,1199,1212,803,840
1266,782,810,1199,1212,803,840
1266,782,810,1199,1212,803,840
1266,782,810,1199,1212,803,840
1266,782,810,1199,1212,803,840
1266,782,810,1199,1212,803,840
1266,782,810,1199,1212,803,840
786,782,810,1199,1212,803,840
786,782,810,1199,763,803,840
786,782,810,1199,763,803,840
786,782,810,1199,763,803,840
786,782,810,1199,763,803,840
786,782,810,1199,763,803,840
786,782,810,1199,763,803,840
786,782,810,1199,763,803,840
786,782,810,1199,763,803,840
786,782,810,1199,763,803,840
786,782,810,1199,726,803,840
786,782,810,1199,726,803,840
786,782,810,1199,726,803,840
786,782,810,729,726,803,840
786,782,810,729,726,803,840
786,782,802,729,726,803,840
786,782,802,729,726,803,840
786,782,802,729,726,803,840
786,782,802,729,726,803,840
786,782,802,729,726,803,840
786,782,802,729,726,803,840
781,782,802,729,726,803,840
781,782,802,729,726,803,840
781,782,802,729,726,803,840
781,782,802,729,726,803,840
781,782,802,729,726,803,840
781,782,1283,729,726,803,840
781,782,1283,729,726,803,840
781,782,1283,729,726,803,840
781,782,1283,729,726,803,840
781,782,1283,729,726,803,840
781,782,1283,729,726,803,840
781,782,1283,729,726,803,840
781,782,1283,729,726,803,840
781,782,1283,729,726,803,840
781,782,1283,729,726,803,840
770,782,1283,729,726,803,840
770,782,1283,729,726,803,840
770,782,1283,729,726,803,840
770,1226,1283,729,726,803,840
770,1226,1283,729,726,803,840
770,1226,1283,729,726,803,840
770,1226,1283,729,726,803,840
770,1226,1283,729,726,803,840
770,1226,1283,729,726,803,840
770,1226,1283,729,726,803,840
770,1226,1283,729,726,803,840
770,1226,1283,729,726,803,840
770,1226,1283,729,726,803,840
770,1226,1283,729,726,803,840
770,1226,1283,729,726,803,840
770,1226,1283,729,726,803,840
770,1226,1283,729,726,803,840
770,1226,1283,1203,726,803,840
770,1226,1283,1203,726,803,840
770,1226,1283,1203,726,803,840
770,1226,1283,1203,726,803,840
770,1226,1283,1203,726,803,840
770,1226,1283,1203,726,803,840
770,1226,1283,1203,726,803,840
770,1226,1283,1203,726,803,840
803,1226,1283,1203,726,803,840
803,1226,1283,1203,726,803,840
803,1226,1283,1203,726,803,840
803,1226,1283,1203,726,803,840
803,1226,1283,1203,726,803,840
803,1226,1283,1203,726,803,840
803,1226,1283,1203,726,803,840
1252,1226,1283,1203,726,803,840
1252,1226,1283,1203,726,803,840
1252,1226,1283,1203,726,803,840
1252,1226,1283,1203,726,803,840
1252,1226,1283,1203,726,803,840
1252,1226,1283,1203,726,803,840
1252,1226,1283,1203,726,803,840
1252,1226,1283,1203,726,803,840
1252,1226,1283,1203,726,803,840
1281,1226,1283,1203,726,803,840
1281,1226,1283,1203,726,803,840
1281,1226,1283,1203,726,803,840
1281,1226,1283,1203,726,803,840
1281,1226,1283,1203,726,803,840
1281,1226,1283,1203,726,803,840
1281,1226,1283,1203,726,803,840
1281,1226,1283,1203,726,803,840
1281,798,1283,1203,726,803,840
1281,798,795,1203,726,803,840
1281,798,795,1203,726,803,840
1281,798,795,1203,726,803,840
1281,798,795,1203,726,803,840
1281,798,795,1203,726,803,840
1281,798,795,1203,726,803,840
1281,798,795,1203,726,803,840
1281,798,795,1203,726,803,840
1281,798,795,1203,726,803,840
1281,798,795,1203,1225,803,840
1281,798,795,1203,1225,803,840
1281,798,795,1203,1225,803,840
1281,798,795,1203,1225,803,840
1281,798,795,1203,1225,803,840
1281,798,795,1203,1225,803,840
1281,798,795,1203,1225,803,840
1281,798,795,1203,1225,803,840
1281,798,795,1203,1225,803,840
1281,798,795,1203,1225,803,840
1281,814,795,1203,1225,803,840
1281,814,795,1203,1225,803,840
1281,814,795,1203,1225,803,840
1281,814,795,1203,1225,803,840
1281,814,795,717,1225,803,840
1281,814,795,717,1225,803,840
1281,814,795,717,1225,803,840
1281,814,795,717,1225,803,840
1281,814,795,717,1225,803,840
1281,814,795,717,1225,803,840
1281,814,795,717,1225,803,840
1281,814,795,717,1225,803,840
1281,814,795,717,1225,776,840
1281,814,795,717,1225,776,840
1281,814,795,717,1225,776,840
1281,814,795,717,1225,776,840
1254,814,795,717,1225,776,840
1254,814,795,717,1225,776,840
1254,814,795,717,1225,776,840
1254,814,795,717,1225,776,840
1254,814,795,717,1225,776,840
1274,814,795,717,1225,776,840
1274,814,795,717,1225,776,840
1274,814,795,717,1225,776,840
1274,814,795,717,1225,776,840
1274,814,795,717,1225,1195,840
1274,814,795,717,1225,1195,840
1274,814,795,717,1225,1195,840
1274,814,795,717,1225,1195,840
1274,814,795,717,1225,1195,840
1274,814,795,717,1225,1261,840
1274,814,795,717,1225,1261,840
1274,814,795,717,1225,1261,840
1274,814,795,717,1225,1261,840
1274,814,795,717,1225,1261,840
1274,814,795,717,1225,1261,840
1274,814,795,733,1225,1261,840
1274,814,795,733,1225,1261,840
1274,814,795,733,1225,1261,840
1274,814,795,733,1225,1261,840
1274,814,795,733,1225,1261,840
1274,814,795,733,1225,1261,840
1274,814,795,733,1225,1261,840
1274,814,795,733,1225,1261,840
1279,814,795,733,1225,1261,840
1279,814,795,733,1225,1261,840
1279,814,795,733,1225,1261,840
1279,814,795,733,1225,1261,840
1279,814,795,733,1225,1261,840
1279,814,795,733,1225,1261,840
1279,814,795,733,1225,1261,840
790,814,795,733,1225,1261,840
790,814,795,733,1225,1261,840
790,814,795,733,1225,1261,840
790,814,795,733,1225,1261,840
790,814,795,733,1225,1261,840
790,814,795,733,1225,1261,840
790,814,795,733,1225,1261,840
790,814,795,733,1225,1261,840
790,814,795,733,1225,1259,840
790,814,795,733,1225,1259,840
790,814,795,733,1225,1259,840
790,814,795,733,1225,1259,840
790,814,795,733,1225,1259,840
790,814,795,733,1225,1271,840
790,814,795,733,732,1271,840
790,814,795,733,732,1271,840
790,814,795,733,732,1271,840
790,814,1255,733,732,1271,840
790,814,1255,733,732,1271,840
790,814,1255,733,732,1271,840
790,814,1255,733,732,1271,840
790,814,1255,733,732,1271,840
790,814,1255,733,732,1271,840
790,814,1255,733,732,1271,840
790,814,1332,733,732,1271,840
790,814,1332,733,732,1271,840
790,814,1332,733,732,1271,840
790,814,1332,733,732,1271,1044
790,814,1332,733,732,1271,1044
771,814,1332,733,732,1271,1044
771,814,1332,733,732,1271,1044
771,814,1332,733,732,1271,1044
771,814,1284,733,732,1271,1044
771,814,1284,733,732,1271,1044
771,814,1284,1225,732,1271,1044
771,814,1284,1225,732,1271,1044
771,814,1284,1225,732,1271,1044
771,814,1284,1225,732,1271,1044
771,814,1284,1225,732,1271,1044
771,814,1284,1209,732,1271,1044
771,814,1284,1209,732,1271,1044
771,814,1284,1209,732,774,1044
771,814,1284,1209,732,774,1044
771,814,1284,1209,732,774,1044
771,814,1284,1209,732,774,1044
771,814,1284,1209,732,774,1044
771,814,1284,1209,732,774,1044
771,814,1284,1209,732,774,1044
771,814,1284,1209,732,774,1044
771,814,1284,1209,732,1279,1044
771,814,1284,1209,732,1279,1044
771,814,1284,1209,732,1279,1044
771,814,1284,1209,732,1279,1044
771,814,1284,1209,732,1279,1044
796,814,1284,1209,1226,1279,1044
796,814,1284,1209,1226,1279,903
796,814,1284,1209,1226,1279,903
796,814,1284,1209,1226,1279,903
796,814,1284,1209,1226,1279,903
794,814,1284,1209,1226,1279,903
794,814,1284,1209,1226,1279,903
794,814,1284,1209,1226,1279,903
794,814,1284,1209,1226,1279,903
794,814,1284,1209,1226,1270,903
794,814,1284,1209,1226,1270,903
794,814,1284,1209,1226,1270,903
794,814,1284,1209,1226,1270,903
794,814,1284,1209,1226,1270,903
794,814,1284,1209,1226,1270,956
794,814,1284,1209,1226,1270,956
794,1213,1284,1209,1226,1270,956
794,1213,1284,1209,1226,1270,956
794,1213,1284,1209,1228,1270,956
794,1213,1284,1209,1228,1270,956
794,1213,835,1209,1228,1270,956
794,1213,835,1209,1228,1270,956
794,1213,835,1209,1228,1073,956
794,1213,835,1209,1228,1073,956
794,1213,835,1209,1228,1073,897
794,1213,835,1209,1228,1073,897
794,1213,835,1209,1228,1073,897
794,1213,835,1209,1228,1073,897
794,1213,963,1209,1228,1073,897
794,1213,963,1209,1228,1073,897
794,1213,963,1209,1228,1073,897
794,1213,963,1209,1228,1073,924
794,1213,963,1209,1228,1073,924
794,1213,963,1209,1228,1073,924
794,1213,963,1209,1228,1238,924
794,1213,963,1209,1228,1238,924
794,1213,1210,1209,1228,1238,924
794,1213,1210,1209,1228,1238,924
794,1213,1210,1209,1228,1238,924
794,1213,1210,1209,1228,1276,924
794,1213,1210,1209,1228,1276,924
794,1230,1210,1209,1228,1276,924
794,1230,1210,1209,1228,1276,924
794,1230,777,1209,1228,1276,924
794,1230,777,1209,1228,1276,927
794,1230,777,1209,1228,1276,927
794,1230,777,1209,1228,1276,927
794,1230,777,1209,732,1276,927
794,1230,777,1209,732,1276,927
794,1230,777,1209,732,1276,927
794,1230,777,1209,732,1276,927
794,1230,777,1209,732,1276,927
794,1230,777,1209,732,1276,927
794,1230,777,1209,732,1276,927
1259,1230,777,1209,732,1276,927
1259,1230,777,1209,732,1276,927
1259,1230,777,1209,732,1276,927
1259,1230,777,1209,732,1276,927
1259,1230,777,1209,732,1276,927
1259,1230,777,1209,732,1276,927
1259,1230,777,1209,732,1276,927
1259,1230,777,1209,732,1276,927
1259,1230,777,1209,732,1276,927
1259,1230,777,1209,732,1276,927
1259,1230,777,1209,732,1276,927
1259,1230,777,1209,732,1276,927
1259,1230,777,1209,732,1276,927
1259,1230,777,1209,732,1276,927
1259,1230,582,1209,732,1276,927
1259,1230,582,1209,732,1276,927
1259,1230,582,1209,732,1276,927
1259,1230,582,1209,732,1276,927
1259,1230,582,1209,732,1276,927
1259,1230,582,1209,732,1276,927
1259,1230,582,1209,732,1276,927
1259,1230,582,1209,702,1276,927
1259,1230,582,1209,702,1276,927
1259,1230,582,1209,702,1276,927
1259,1230,582,1209,702,1276,927
1259,1230,582,1209,702,1276,927
1280,1230,582,1209,702,1276,927
1280,1230,582,1209,702,1276,927
1280,1230,582,1209,702,1276,927
1280,1230,582,1209,702,1276,927
1280,1230,582,1209,702,1276,953
1280,1230,685,1209,702,1276,953
1280,1230,685,1209,702,1276,953
1280,1230,685,1209,702,1276,953
1280,1230,685,1209,702,1276,953
1280,1230,685,1209,702,1276,953
1280,1230,685,1209,702,1276,953
1280,1230,685,1209,702,1276,953
1280,1230,792,1209,702,823,953
1280,1230,792,1209,702,823,953
1280,1230,792,1209,702,823,953
1280,1230,792,1209,702,823,953
1280,1230,792,1209,746,823,953
1280,1230,792,1209,746,1275,953
1280,1230,792,1209,746,1275,953
1280,1230,792,1209,746,1275,953
1280,1230,792,1209,746,1275,953
1280,1230,1301,1209,746,1275,953
1280,1230,1301,1209,746,1275,953
1280,1230,1301,1209,746,1275,953
1280,1230,1301,1209,746,1275,953
1280,1230,1301,1209,746,1275,953
1280,1230,1301,1209,746,1275,953
1280,1230,1301,1209,746,1275,953
1280,1230,1301,1209,746,1275,953
1280,1230,1301,1209,746,1275,953
1280,1230,1301,1209,746,1275,953
1280,1230,1301,1209,746,1275,953
1280,1230,1301,1209,746,1275,953
1280,1230,1301,1209,746,1275,930
1280,1230,1301,1209,746,796,930
1280,1230,788,1209,746,796,930
1280,1230,788,1209,746,796,930
1280,1230,788,1209,746,796,930
1280,1230,788,1209,746,796,930
1280,1176,788,1209,746,796,930
1280,1176,788,1209,746,796,930
1280,1176,788,753,746,796,930
1280,1176,788,753,746,796,930
1280,1176,788,753,746,796,930
1280,1176,788,753,746,796,930
1280,1176,788,753,746,796,930
1280,1176,788,753,746,796,930
1280,1176,788,753,746,796,930
1280,1198,788,728,746,796,930
1280,1198,788,728,746,796,930
1280,1198,788,728,746,796,930
1280,1198,788,728,746,1257,930
1280,1198,788,728,746,1257,930
1280,1198,1234,728,746,1257,930
1280,1198,1234,728,746,1257,931
1280,1198,1234,728,746,1257,931
1280,1198,1234,728,746,1257,931
1280,1198,1234,728,746,1257,931
1280,1198,1234,728,746,1257,931
1280,1198,1234,728,746,1257,931
1280,1198,1234,728,746,1257,931
1280,1198,1234,728,746,1257,931
1280,1198,1234,728,746,1257,931
1280,1198,1234,728,746,1257,931
1280,1176,1234,728,746,1257,931
1280,1176,1234,728,746,1257,931
1280,1176,1234,728,746,1257,931
1280,1176,1234,728,746,1257,931
1280,1176,1234,728,746,1257,931
1278,1176,1234,728,746,1257,896
1278,1176,894,728,746,1257,896
1278,1176,894,728,746,1411,896
1278,1176,894,728,746,1411,896
1278,1176,894,1138,746,1411,896
1278,1176,894,1138,746,1411,896
1278,1119,894,1138,746,1411,896
816,1119,894,1138,746,1411,896
816,1119,819,1138,746,1262,896
816,1119,819,1138,746,1262,896
816,1119,819,1138,746,1262,896
816,1119,819,1138,746,1262,968
816,1119,819,1138,746,1262,968
816,1119,819,1138,746,1262,968
816,1119,819,1138,746,1262,968
816,1119,819,1138,746,1262,968
816,1063,819,1138,746,1262,968
816,1063,804,1217,746,1262,968
816,1063,804,1217,746,1262,968
816,1063,804,1217,746,1262,968
1288,1063,804,1217,746,1262,968
1288,1063,804,1217,746,1262,968
1288,1063,804,1152,746,1262,968
1288,1063,804,1152,746,1262,968
1288,1063,804,1152,746,1262,968
1288,1063,804,1152,746,1262,968
1288,1063,804,1152,746,1262,968
1288,1063,804,1152,746,1262,968
1288,1008,804,1152,746,1262,968
1288,1008,1362,1152,746,1262,968
1288,1008,1362,1062,746,1262,968
1287,1008,1362,1062,746,1262,968
1287,1008,1362,1062,746,1262,968
1287,1008,1362,1062,746,1262,968
1287,1008,1362,1062,746,1262,968
1287,1008,1362,1062,746,1262,968
1287,1008,1362,1062,746,1262,943
1287,1008,1362,1062,746,1262,943
1287,1008,1362,1062,746,1260,943
1287,1008,1362,1062,746,1260,943
1287,1008,1362,1062,746,1260,943
1287,1008,1362,1062,746,1260,943
1287,1008,1188,1062,746,1260,943
1287,1008,1188,1062,746,1260,943
1287,1008,1188,1062,746,1260,943
1287,1008,1188,1062,746,1260,943
1282,986,1188,1062,746,1260,1053
1282,986,1188,986,746,1260,1053
1282,986,1000,986,746,1260,1053
1282,986,1000,986,746,1260,1053
1282,986,1000,986,746,1260,1053
1282,986,1000,986,746,1260,893
1282,986,1000,986,746,1260,893
1282,986,1000,986,746,1271,893
1282,986,1000,986,746,1271,893
1282,986,967,986,746,1271,893
792,986,967,986,746,1271,893
792,986,967,986,746,1271,893
792,986,967,986,746,1271,893
792,909,967,986,746,1271,935
792,909,967,986,746,1271,935
792,909,967,923,746,1271,935
792,909,967,923,746,1219,935
792,909,967,923,746,1219,935
792,909,994,923,746,1219,935
792,909,994,923,746,1219,1120
792,909,994,923,1205,1219,1120
792,909,994,923,1205,1219,1120
792,909,994,923,1205,1219,1120
792,909,994,923,1205,1219,1120
792,909,994,923,1205,1219,1120
811,909,994,923,1205,1219,1120
811,909,994,923,1205,1219,1120
811,909,994,923,1205,1219,1120
811,909,994,923,1205,1219,1120
811,909,994,923,1205,1219,1120
811,909,994,923,1205,1219,1194
811,909,994,923,748,1224,1194
811,909,994,923,748,1224,1194
811,909,994,923,748,1224,1194
811,909,994,923,748,1224,1194
811,909,994,923,748,1224,1194
811,909,994,923,748,1224,1194
811,909,994,923,748,1229,1194
811,909,994,923,748,1229,1194
811,909,994,923,748,1229,1194
811,909,994,923,748,1229,1194
811,909,994,923,748,1229,1194
811,909,923,923,748,1229,1194
811,909,923,923,748,1229,1191
811,909,923,923,748,1229,1191
811,909,923,923,748,1229,1191
1156,909,923,923,748,1229,1191
1156,909,923,923,748,1144,1191
1156,909,923,923,748,1144,1191
1156,909,923,923,748,1144,1036
1156,909,923,923,748,1144,1036
1156,909,923,923,748,1144,1036
1156,909,923,923,748,1144,1036
1156,909,923,923,748,1144,1036
1156,909,923,923,748,1144,1036
1156,909,923,838,748,1144,1036
1156,909,923,838,748,1144,1036
1156,909,923,838,748,1144,1036
1156,909,923,838,748,1144,904
1156,909,923,838,748,1144,904
1156,909,923,838,748,1144,904
1156,909,923,838,748,1144,904
1156,909,923,838,748,1144,904
1101,909,887,838,748,1144,904
1101,909,887,838,748,1144,904
1101,909,887,838,748,1144,904
1101,909,887,838,748,1144,904
1101,909,887,838,748,1144,904
1101,909,887,838,748,1144,904
1101,909,887,838,748,1144,904
1101,909,887,838,748,1144,949
1101,953,887,838,748,1144,949
1101,953,649,838,748,1144,949
1101,953,649,884,748,1144,949
1101,953,649,884,748,1144,949
1101,953,649,884,748,1144,949
1101,953,649,884,748,1144,949
1101,953,649,884,748,1051,949
1101,953,952,884,748,1051,949
1001,953,952,884,748,1051,949
1001,953,952,884,748,1051,949
1001,953,952,884,748,1051,949
1001,953,952,884,748,1051,949
1001,953,952,884,748,1051,949
1001,953,952,884,748,1051,949
1001,953,952,884,748,982,949
1001,953,952,884,748,982,949
1001,953,952,884,748,982,949
1001,953,952,884,748,982,949
1001,953,952,884,748,982,949
1001,953,952,884,748,982,949
1001,953,952,884,748,982,949
1001,953,952,884,748,982,949
1001,953,952,884,748,982,949
1001,953,952,884,748,982,949
1001,953,952,884,1196,982,949
1001,953,952,884,1196,982,949
1001,953,952,884,1196,982,949
1001,953,952,884,1196,982,949
1001,953,952,884,1196,982,949
1001,953,952,884,1196,982,949
1001,953,952,884,1196,982,949
938,953,952,884,1196,982,949
938,953,952,884,1196,982,897
938,953,952,884,1196,982,897
938,953,952,884,1196,982,897
938,953,952,884,1196,982,897
938,953,952,884,1196,921,897
938,953,952,884,1196,921,897
938,953,952,884,1196,921,897
938,953,952,884,1196,921,897
938,953,952,884,1196,921,897
938,953,952,884,1196,921,897
938,953,952,884,1196,921,897
938,953,952,884,1196,921,897
938,953,952,884,1196,921,897
938,953,952,884,1196,921,897
938,953,952,884,1196,921,897
938,953,952,884,1196,921,897
938,953,952,884,1196,921,897
938,949,952,884,1196,921,897
938,949,952,884,1196,921,897
938,949,952,884,1196,921,897
938,949,952,884,1196,921,897
938,949,952,884,1196,921,897
938,949,952,884,1196,921,897
938,949,952,884,1196,921,897
938,949,952,884,1196,921,897
938,949,952,884,1196,921,897
938,949,952,884,1196,921,897
938,949,952,884,1196,921,897
948,949,952,884,1196,921,897
948,949,952,884,1196,921,897
948,949,952,884,1196,921,897
948,949,952,884,1196,921,897
948,949,952,884,739,921,897
948,949,952,884,739,921,897
948,949,952,884,739,921,897
948,949,952,884,739,921,897
948,949,952,884,739,921,897
948,949,952,884,739,921,897
948,949,952,884,739,921,897
948,949,952,884,739,921,897
948,949,952,884,739,921,897
948,949,952,884,739,911,897
948,949,994,884,739,911,897
948,949,994,884,739,911,897
948,949,994,884,739,911,897
948,949,994,884,739,911,897
948,949,994,884,739,948,897
948,949,994,884,739,948,897
948,949,994,884,739,948,897
948,949,994,884,739,948,897
948,949,994,884,739,948,897
948,949,994,884,739,948,897
948,949,994,884,739,948,897
948,949,994,884,739,948,897
948,949,994,884,739,948,897
948,949,871,884,739,948,897
948,949,871,884,739,948,897
948,949,871,884,739,948,897
948,949,871,884,739,948,897
948,949,871,884,739,948,897
948,949,871,884,739,948,897
948,949,871,884,739,948,897
948,949,871,884,739,948,897
956,949,696,884,739,948,897
956,949,696,884,739,948,897
956,949,696,884,739,948,897
956,949,696,884,739,948,897
956,949,696,884,739,948,897
946,949,696,884,739,948,897
946,949,696,884,739,948,897
946,949,696,884,739,948,897
946,949,696,884,739,948,897
946,949,696,884,739,948,897
946,949,696,884,739,948,897
946,902,696,884,739,948,897
946,902,696,884,739,948,897
946,902,696,884,739,948,897
946,902,696,884,739,948,897
946,902,696,884,739,948,897
946,902,129,884,739,948,897
946,902,129,884,739,948,897
946,902,129,884,739,948,897
946,902,129,884,739,948,897
946,902,129,884,1089,948,897
946,902,129,884,1089,948,897
946,902,801,884,1089,948,897
946,902,801,884,1089,948,897
946,902,801,884,1089,948,897
946,902,801,884,1089,948,897
946,902,801,884,1089,948,897
946,902,801,884,1089,948,897
946,902,801,884,1089,948,897
946,902,904,884,1089,948,897
946,902,904,884,1089,948,897
946,902,904,881,1020,948,897
946,902,904,881,1020,948,897
946,902,904,881,1020,948,897
946,902,904,881,1020,948,897
946,902,904,881,1020,948,897
946,902,904,881,1020,948,897
946,902,904,881,964,948,897
946,902,904,881,964,948,897
946,902,904,881,964,948,897
946,902,904,881,964,948,897
946,902,904,881,964,948,897
946,902,904,881,964,948,897
946,902,904,881,964,948,897
946,902,904,881,964,948,897
946,902,904,894,964,948,897
946,902,904,894,964,948,897
946,902,904,894,964,948,897
946,902,904,894,964,948,897
946,902,904,894,964,948,897
946,902,904,894,964,948,897
946,902,904,894,964,948,897
946,902,904,894,964,948,897
946,902,904,894,964,948,897
946,902,904,894,964,948,897
946,902,904,894,964,948,897
946,902,904,894,964,948,897
946,902,904,894,964,948,897
946,902,904,881,964,948,897
946,902,904,881,964,948,897
946,902,904,881,964,948,897
946,902,904,881,908,948,897
946,902,904,881,908,948,897
946,902,904,881,908,948,897
930,902,904,881,908,948,897
930,902,904,881,908,948,897
930,902,904,881,908,948,897
930,902,904,881,908,948,897
930,902,904,881,908,948,897
930,902,904,881,908,948,897
930,902,904,881,908,948,897
930,902,904,881,908,948,897
930,902,904,881,908,948,897
930,902,904,881,908,948,897
930,902,904,881,908,948,897
930,902,904,881,908,948,897
930,902,904,881,908,948,897
930,902,904,881,908,948,897
951,902,920,881,908,948,897
951,902,920,881,908,948,897
951,902,920,881,908,948,897
951,902,920,881,908,948,897
951,902,920,881,908,948,897
951,902,920,881,843,948,897
951,902,920,881,843,948,897
951,902,920,881,843,948,897
951,902,920,881,843,948,897
951,902,920,881,843,948,897
951,902,920,881,843,948,897
951,902,920,881,843,948,897
951,902,920,881,843,948,897
951,902,920,881,843,948,897
951,902,920,881,843,948,897
951,902,920,881,843,948,897
951,902,920,881,843,948,897
951,902,920,881,843,948,897
951,902,920,881,843,948,897
951,902,920,881,843,948,897
951,902,920,881,843,948,897
951,902,920,881,843,948,897
951,902,920,881,843,948,897
951,902,920,881,843,948,897
951,902,920,881,843,948,897
951,902,920,881,887,948,897
951,902,920,881,887,948,897
951,902,920,881,887,948,897
951,902,920,881,887,948,897
951,902,920,881,887,948,897
951,902,920,881,887,948,897
951,902,920,881,887,948,897
951,902,920,881,887,948,897
951,902,920,881,887,948,897
951,902,920,881,887,948,897
951,902,880,881,887,948,897
951,902,880,881,887,948,897
951,902,880,881,887,948,897
951,902,880,881,887,948,897
951,902,880,881,887,948,897
951,902,880,881,887,948,897
951,902,880,881,887,948,897
951,902,880,881,887,948,897
951,902,880,881,887,948,897
951,902,880,881,887,948,897
951,902,880,881,887,948,897
951,902,880,881,887,948,897
931,902,880,881,887,948,897
931,902,880,881,887,948,897
931,902,880,881,887,948,897
931,902,880,881,887,948,897
931,902,880,881,770,948,897
933,902,880,881,770,948,897
933,902,880,881,770,948,897
933,902,880,881,770,948,897
933,902,880,881,770,967,897
933,902,880,881,770,967,897
933,902,880,881,883,967,897
933,902,880,881,883,967,897
933,902,880,881,883,967,897
933,902,880,881,883,967,897
933,902,880,881,883,967,897
933,902,880,881,883,967,897
933,902,880,881,883,967,897
933,902,880,881,883,967,897
933,902,880,881,883,967,897
933,902,880,855,883,967,897
933,902,880,855,883,967,897
933,902,880,855,883,967,897
933,902,880,855,883,967,897
933,902,880,855,883,967,897
933,902,880,855,883,967,897
933,902,880,855,883,967,897
933,902,880,855,883,932,897
933,902,880,855,883,932,897
933,902,880,855,883,932,897
933,902,880,855,883,932,897
933,902,880,855,883,932,897
933,902,880,855,883,932,897
933,902,880,855,883,932,897
933,902,880,855,883,932,897
933,902,880,855,883,932,897
933,902,880,855,883,932,897
933,902,880,855,915,932,897
934,902,880,855,915,962,897
934,902,880,855,915,962,897
934,902,880,855,915,962,897
934,902,880,855,915,962,897
934,902,880,855,915,962,897
934,902,880,855,915,962,897
934,902,880,855,915,962,897
934,902,880,855,915,962,897
934,902,880,855,888,962,897
934,902,880,855,888,962,897
934,902,880,855,888,962,897
934,951,880,855,888,962,897
934,951,880,855,888,962,897
934,951,880,855,888,962,897
934,951,880,855,888,962,897
934,951,880,855,888,962,897
934,951,880,855,888,962,897
934,951,880,855,888,962,897
934,951,880,855,888,962,897
934,951,880,855,888,962,897
934,951,880,855,888,962,897
934,951,880,855,888,962,897
934,951,880,855,888,962,897
934,951,880,855,888,962,897
934,951,880,855,869,962,897
934,951,880,855,869,962,897
934,951,880,855,869,962,897
934,951,880,855,869,962,897
934,951,880,855,869,962,897
929,951,880,855,869,962,897
929,951,880,855,869,962,897
929,951,880,855,869,962,897
929,951,880,855,869,962,897
929,951,880,855,869,962,897
929,951,880,855,869,962,897
929,951,880,855,869,962,897
929,951,880,855,869,962,897
929,951,880,855,869,962,897
929,951,880,855,869,962,897
929,951,880,855,869,962,897
929,951,880,855,869,962,897
929,951,880,855,869,962,897
929,951,880,855,869,962,897
929,951,880,855,869,962,897
929,951,880,855,869,962,897
929,951,880,855,869,962,897
929,951,880,855,869,962,897
929,951,880,855,869,962,897
929,951,880,855,869,962,897
929,951,880,855,869,962,897
929,951,880,855,869,962,897
929,951,880,855,869,962,897
929,951,880,855,869,962,897
929,951,880,855,869,962,897
929,951,880,855,869,962,897
929,951,880,855,869,962,897
929,951,880,855,869,962,897
929,951,880,855,869,962,897
929,951,880,855,895,962,897
929,951,880,855,895,962,897
929,951,880,855,895,962,897
929,951,880,855,895,962,897
929,951,880,855,895,962,897
929,951,880,855,895,962,897
929,951,880,855,895,962,897
941,951,880,855,895,962,897
941,951,880,855,895,962,897
941,951,880,855,895,962,897
941,951,880,855,895,962,897
941,951,880,855,895,962,897
941,951,880,855,895,962,897
941,951,880,855,895,962,897
941,951,880,855,895,958,897
941,951,880,855,895,958,897
941,951,880,855,895,958,897
941,951,880,855,911,958,897
934,951,880,855,911,958,897
934,951,880,855,911,958,897
934,951,880,855,911,958,897
934,951,880,855,911,958,897
934,951,880,855,911,958,897
934,951,880,855,911,958,897
934,951,880,855,911,958,897
934,951,880,855,911,958,897
934,951,880,855,911,958,897
934,951,880,855,911,958,897
934,951,880,855,911,958,897
934,951,880,855,911,958,897
934,951,880,855,911,958,897
934,951,880,855,911,958,897
934,951,880,855,911,958,897
934,951,880,855,911,958,897
934,951,880,855,911,958,897
934,951,880,855,911,958,897
934,951,880,855,915,958,897
934,951,880,855,915,958,897
934,951,880,855,915,958,897
934,951,880,855,915,958,897
934,951,880,855,915,958,897
934,951,880,855,915,958,897
934,951,880,855,850,958,897
934,951,880,855,850,834,897
934,951,880,855,850,834,897
934,951,880,855,850,834,897
934,951,880,855,850,834,897
934,951,880,855,850,834,897
934,951,880,855,850,834,897
934,951,880,855,850,834,897
934,951,880,855,850,953,897
934,951,880,855,850,953,897
934,951,880,855,850,953,897
934,951,880,855,850,953,897
934,951,880,855,850,953,897
934,951,880,855,1094,953,897
934,951,880,855,1094,953,897
934,951,880,855,1094,953,897
934,951,880,855,1094,953,897
945,951,880,855,1094,953,897
945,951,880,855,1094,953,897
945,951,880,855,1094,953,897
945,951,880,855,1094,953,897
945,951,880,855,887,953,897
945,951,880,855,887,953,897
945,951,880,855,887,953,897
945,951,880,855,887,953,897
945,951,880,855,887,953,897
945,951,880,855,887,953,897
945,951,880,855,887,953,897
945,951,880,855,887,953,897
945,951,880,855,887,953,897
945,951,880,855,887,953,897
945,951,880,855,887,953,897
945,951,880,855,887,953,897
945,951,880,855,887,953,897
941,951,880,855,887,953,897
941,951,880,855,887,953,897
941,951,880,855,887,953,897
941,951,880,855,887,953,897
941,951,880,855,887,953,897
941,951,880,855,887,949,897
941,951,880,855,887,949,897
941,951,880,855,887,949,897
941,951,880,855,887,949,897
941,951,880,855,887,949,897
941,951,880,855,887,949,897
941,951,880,855,887,949,897
941,951,880,855,887,949,897
941,951,880,855,887,949,897
941,951,880,855,887,949,897
935,951,880,855,887,949,897
935,951,880,855,887,949,897